,max_len
boydwoo_str_m5_Al_o1_o4_sra_sym_103,8.986643211745282
gmof_Zn2O8N2-DPAC_A-irmof7_A_No1105,14.2302141565877
boydwoo_str_m3_o12_o19_pcu_sym_169,11.955539904560869
gmof_Zn2O8-ADC_A-irmof7_A_No686,14.049919696096593
gmof_Zn2O8N2-AZO_A-irmof7_A_No465,13.970738355949889
boydwoo_str_m4_Al_o27_o27_acs_sym_193,15.86275674944398
PUFXUL_FSR,8.727755347587003
boydwoo_str_m3_o7_o22_pcu_sym_130,14.296031100378224
boydwoo_str_m3_o1_o4_pcu_sym_24,7.831050057557601
boydwoo_str_m3_o23_o27_pcu_sym_161,15.826346191185946
gmof_Zn4O13-DPAC_A-TED_A_No13,14.221827796595166
tobacco_bor_sym_3_mc_0_sym_4_on_6_L_6,13.235694652453862
core_ESIDOB_freeONLY,12.503875761787857
XEXMEU_FSR,11.980399582168367
gmof_Uio66Zr-irmof14_A_No15,11.595491466099244
VEJYUF01_FSR,4.27540028736529
boydwoo_str_m3_o4_o28_pcu_sym_53,20.215520459131803
boydwoo_str_m5_Al_o4_o20_sra_sym_58,10.963790545434126
gmof_AlO6-ADC_A_No6,13.983422375861585
pyrene_KUJZAT,18.723852468476757
INIPOM_FSR,12.056095629753885
core_MUNNUF_freeONLY,16.02231643136359
gmof_Al2O6-AZO_B-fum_B_No78,14.0951225073666
boydwoo_str_m3_o16_o17_pcu_sym_262,11.615987325188044
GIVWAM_FSR,10.374978701988484
gmof_Zn4O13-BDC_A-DPAC_A_No542,14.321324802295246
core_TEBSAW_freeONLY,4.29576217338414
RUZCAS_FSR,13.81111756129286
MOF-5_cooh_2_462_1,9.733637603094527
boydwoo_str_m3_o5_o25_nbo_sym_69,12.436577537943004
NIMVOW_FSR,6.178030405213127
gmof_Zn4O13-DPAC_A_No10,14.308154281872444
boydwoo_str_m3_o4_o13_pcu_sym_123,10.134979364378875
gmof_Zn2O8-irmof8_A-NCO_A_No14,9.76909695536272
gmof_Zn2O8N2-DPAC_A-irmof20_A_No481,14.206724436186542
gmof_CuN4-SiF6-AZO_No2,10.423534849054406
gmof_Al2O6-irmof10_B-irmof7_B_No154,11.617176932273852
gmof_Zn4O13-BDC_A-DPAC_A_No54,14.328299187438443
RINWAO_FSR,11.938475059424368
gmof_AlO6-ADC_A_No16,14.116610329033353
boydwoo_str_m3_o2_o9_pcu_sym_210,13.562749099465643
MIMHIB_FSR,7.524454308912856
core_BEYSEF_freeONLY,6.579148188977567
boydwoo_str_m3_o3_o8_pcu_sym_96,16.08987210732249
boydwoo_str_m3_o7_o26_pcu_sym_134,14.274770902003374
GIWFAV_FSR,16.276854933993718
gmof_Al2O6-AZO_B-BDC_B_No338,14.065347849714357
boydwoo_str_m3_o17_o27_pcu_sym_159,15.912135719572584
gmof_AlO6-irmof6_A_No11,7.574835917077283
gmof_Al2O6-BDC_B-irmof8_B_No11,9.976368282485547
gmof_Zn2O8N2-BDC_A-DPAC_A_No635,14.30244294575097
core_MALFUD_freeONLY,8.72772947474609
gmof_Uio66Zr-BDC_A-irmof6_A_No60,7.650226559823629
boydwoo_str_m1_o18_o18_pcu_sym_70,13.476343592215152
boydwoo_str_m4_Al_o17_o23_acs_sym_50,12.387717040114877
boydwoo_str_m7_o11_o24_bcu_sym_11,10.553792629807912
gmof_Al2O6-BDC_B-irmof7_B_No685,9.44537616059757
BEMLEM_FSR,7.480579924064892
boydwoo_str_m5_Al_o8_o26_sra_sym_165,14.116203277141725
gmof_Uio66Zr-irmof10_A-irmof14_A_No103,11.761557046752115
gmof_AlO6-mof177_No37,14.467553555828081
boydwoo_str_m4_Al_o17_o23_acs_sym_133,12.399383555628372
core_PIJROR_freeONLY,13.997704213751335
boydwoo_str_m1_o11_o24_pcu_sym_208,8.187928958769033
gmof_Zn4O13-irmof20_A-irmof6_A_No193,9.192775637726637
gmof_Al2O6-AZO_B-irmof7_B_No210,13.942354316906304
core_APARAM_freeONLY,11.00974476243349
boydwoo_str_m3_o17_o22_pcu_sym_162,13.327729539219128
boydwoo_str_m5_Al_o1_o17_sra_sym_44,12.325823896413539
VUSNUT_FSR,9.161970793734826
HEJQIZ_FSR,3.3227219117287863
boydwoo_str_m5_Al_o2_o13_sra_sym_102,11.669370979645446
boydwoo_str_m1_o20_o24_pcu_sym_155,10.857398575193605
boydwoo_str_m1_o4_o9_pcu_sym_196,14.35406165218139
boydwoo_str_m3_o2_o12_pcu_sym_112,11.71907777934883
boydwoo_str_m7_Zn_o4_o10_bcu_sym_36,10.322650163143562
boydwoo_str_m5_Al_o3_o7_sra_sym_56,15.830686933786696
gmof_AlO6-mof177-N_No5,11.973338591475027
gmof_Zn2O8N2-irmof14_A-irmof20_A_No5,11.685783821998543
boydwoo_str_m4_Al_o20_o23_acs_sym_211,12.487599301661792
TESGIJ_FSR,11.776121673110215
boydwoo_str_m3_o15_o17_nbo_sym_15,11.53996550687333
boydwoo_str_m1_o16_o26_pcu_sym_221,11.1225699710921
core_FEFDEB_manual,11.640956282343083
gmof_Zn4O13-BDC_A-irmof20_A_No334,9.180560889873705
gmof_Zn4O13-BDC_A-irmof20_A_No581,9.20042574856305
gmof_Zn2O8N2-DPAC_A-irmof7_A_No835,14.2093901321912
gmof_Zn2O8N2-AZO_A-irmof14_A_No287,11.667793561182375
boydwoo_str_m3_o3_o8_pcu_sym_18,15.919585919511583
MOF-5_cooh_2_120_2,7.433520146259666
gmof_Al2O6-AZO_B-irmof7_B_No18,13.989592963842924
boydwoo_str_m5_Al_o3_o27_sra_sym_35,15.994336346859667
BOYBUO_FSR,5.762981195355632
KUHDEX_FSR,3.3227203959025218
LODPOL_FSR,11.92976431511974
boydwoo_str_m3_o11_o25_pcu_sym_76,12.381962601445135
core_REFTON_SL,7.3165329160776045
boydwoo_str_m3_o16_o17_pcu_sym_46,11.596022624655994
gmof_Zn4O13-BDC_A-irmof20_A_No617,9.283385763298075
gmof_Al2O6-irmof20_B-irmof7_B_No305,9.178062583621397
LACFOM_FSR,11.169047415029269
gmof_Zn2O8N2-irmof16_A-irmof20_A_No236,13.032249035791
boydwoo_str_m3_o2_o14_pcu_sym_151,11.640948709988288
gmof_Al2O6-DPAC_B-irmof10_B_No79,14.23525337286688
gmof_Zn4O13-irmof14_A-irmof16_A_No35,15.930798998998368
boydwoo_str_m3_o4_o21_pcu_sym_4,12.43079103073385
KEVBUK01_FSR,14.488362181193871
pyrene_GILFIT,20.54592075989486
gmof_Zn2O8-ADC_A-irmof7_A_No1099,13.921556259383701
ALIDUU_FSR,4.275400335310387
boydwoo_str_m5_Al_o13_o27_sra_sym_13,15.814926454099277
EDUDAK01_FSR,7.150321534664954
OKIJIC_FSR,11.871569292495796
IQOJAB_FSR,14.411259940181623
SIXFIQ01_FSR,14.374799466344054
gmof_Al2O6-irmof16_B-irmof6_B_No78,7.574835786390049
YASNIQ_FSR,6.533070292559164
tobacco_SR_ttv_v1-3c_B_Ch_v2-12c_Zr_1_Ch_1B_4H_Ch_2x2x2,20.437820367672366
core_BEPRIZ_freeONLY,14.731406768241634
boydwoo_str_m4_Al_o23_o23_acs_sym_103,12.45916430222429
boydwoo_str_m4_Al_o6_o7_acs_sym_130,14.257534712509846
OSIWIX_FSR,5.330002540942631
KAYJUS_FSR,11.873378683413513
gmof_Al2O6-irmof10_B-irmof7_B_No704,11.702619667376437
boydwoo_str_m5_Al_o3_o13_sra_sym_32,15.994337116329847
boydwoo_str_m3_o3_o14_pcu_sym_60,16.88172343861438
tobacco_srsb_sym_3_on_2_sym_3_mc_0_L_6,16.465134567100687
ANAWOD_FSR,7.622111463326356
boydwoo_str_m3_o5_o22_pcu_sym_145,11.604471444376278
boydwoo_str_m1_o16_o18_pcu_sym_175,13.246661076877597
QOBZUD_FSR,22.200966241743938
GUTRIX_FSR,4.285939954271856
AWEXOR_FSR,16.036406070377573
boydwoo_str_m5_Al_o8_o16_sra_sym_23,11.608111704783436
boydwoo_str_m1_o11_o25_pcu_sym_123,12.470478699491958
gmof_Al2O6-fum_B-irmof7_B_No167,8.47967048043906
JIQREJ_FSR,11.719045198187738
gmof_Al2O6-BDC_B-irmof10_B_No85,11.662025780134833
boydwoo_str_m3_o2_o11_pcu_sym_139,11.709551694802899
CASQEU_FSR,11.807781983811704
gmof_AlO6-irmof8_A_No1,9.976369404892322
gmof_Zn4O13-BDC_A-DPAC_A_No614,14.17329151462912
boydwoo_str_m5_Al_o6_o17_sra_sym_84,12.574068479017127
boydwoo_str_m3_o17_o28_pcu_sym_186,20.167750052704175
gmof_Al2O6-BDC_B-irmof7_B_No540,8.047094686298408
gmof_Al2O6-DPAC_B-irmof7_B_No365,14.221827623372501
ULIBEY_FSR,7.265649860949754
gmof_AlO6-irmof6_A_No15,7.5579476739470275
boydwoo_str_m1_o14_o22_pcu_sym_82,8.2569071021834
gmof_Al2O6-BDC_B-irmof7_B_No221,8.400017549388025
boydwoo_str_m3_o2_o15_pcu_sym_131,13.95835296872005
gmof_Zn2O8N2-AZO_A-irmof20_A_No202,13.938439831638046
boydwoo_str_m5_Al_o19_o23_sra_sym_69,12.490071831564503
boydwoo_str_m7_Zn_o11_o24_bcu_sym_69,10.190054959889938
gmof_Zn2O8N2-irmof6_A-irmof8_A_No210,9.861082870724719
AMIKOX_FSR,11.315592971368174
boydwoo_str_m3_o4_o27_pcu_sym_157,15.86442656822046
boydwoo_str_m3_o14_o28_pcu_sym_258,20.167755212675587
VERQOA01_FSR,3.322719639839502
boydwoo_str_m3_o3_o9_pcu_sym_247,16.016364729817905
gmof_Al2O6-AZO_B-irmof20_B_No210,13.953890446274388
FEFHII_FSR,5.244439575322903
OCESUL01_FSR,4.295768743707048
gmof_Al2O6-irmof20_B-irmof7_B_No389,9.263585418895158
WIWTUU_FSR,5.567884504596351
boydwoo_str_m1_o5_o15_pcu_sym_13,10.07633407768461
PUFVUJ_FSR,10.231472766907
gmof_Al2O6-DPAC_B-irmof7_B_No709,14.202556231746566
gmof_Zn2O8N2-DPAC_A-irmof8_A_No229,14.300041282572149
boydwoo_str_m3_o13_o16_pcu_sym_48,11.550741786156689
boydwoo_str_m3_o14_o24_pcu_sym_108,9.092658057338836
boydwoo_str_m3_o22_o22_pcu_sym_69,7.363169207774604
gmof_AlO6-ADC_A_No7,13.920887737621033
boydwoo_str_m3_o6_o17_pcu_sym_221,12.582172265470657
gmof_AlO6-DPAC_A_No11,14.3141094397589
boydwoo_str_m4_Al_o20_o23_acs_sym_128,12.487194084807994
boydwoo_str_m3_o26_o28_pcu_sym_123,20.237307617954002
VAGMIB01_FSR,20.519318464713937
gmof_Zn2O8N2-irmof14_A-irmof8_A_No19,11.659320183086976
boydwoo_str_m3_o4_o14_nbo_sym_138,10.747903846370283
ZIGQUE_FSR,12.402407992429506
gmof_Al2O6-irmof6_B-irmof7_B_No286,8.70897303503967
gmof_ZnN4-SiF6-irmof20_No3,5.990081396879556
gmof_Al2O6-BDC_B-irmof20_B_No9,9.27168288592162
RICREB01_FSR,7.425638792549698
core_MUNPER_freeONLY,16.02248656092818
boydwoo_str_m3_o12_o16_pcu_sym_39,12.269508908809875
gmof_Al2O6-DPAC_B-irmof10_B_No15,14.277222325570255
gmof_Uio66Zr-BDC_A-irmof7_A_No300,7.739094417333009
gmof_Zn4O13-BDC_A-irmof20_A_No36,9.171986361831209
boydwoo_str_m4_Al_o17_o23_acs_sym_96,12.400697666183534
boydwoo_str_m5_Al_o11_o20_sra_sym_133,10.841443719577383
gmof_Zn2O8N2-ADC_A_No22,13.809913857967237
FOHMUM_FSR,10.157160839478923
boydwoo_str_m3_o2_o5_pcu_sym_93,15.154543081072642
gmof_Al2O6-AZO_B-irmof10_B_No65,13.847128754106654
gmof_AlO6-AZO_A_No22,14.048309016565673
ONOVAP_FSR,4.914837037617208
LUTKES_FSR,10.508320390798037
boydwoo_str_m3_o16_o22_pcu_sym_220,13.59680125654017
boydwoo_str_m4_Al_o2_o6_acs_sym_118,12.57821475484565
boydwoo_str_m3_o7_o11_pcu_sym_250,14.257035894608876
core_QOMRUH_freeONLY,6.829872159600319
NARRUW_FSR,7.524454452083557
gmof_Al2O6-BDC_B-irmof10_B_No73,11.636482327212345
KUTNIY_FSR,13.638753701602774
gmof_CuN4-SiF6-DPAC_No10,10.316334523848631
core_ZISYAD_freeONLY,16.591274993787327
gmof_Zn2O8N2-ADC_A-DPAC_A_No320,14.285392200209621
BAXHEP_FSR,7.622112832865819
FUFROO_FSR,9.131712120596045
boydwoo_str_m5_Al_o8_o8_sra_sym_76,14.33382471185442
boydwoo_str_m3_o4_o7_pcu_sym_199,15.047298967453496
gmof_Zn2O8N2-DPAC_A-irmof14_A_No783,14.286557704477469
gmof_Zn2O8-ADC_A-irmof7_A_No1096,13.980276701010501
gmof_Al2O6-irmof20_B-irmof7_B_No316,9.163453656822199
boydwoo_str_m3_o18_o28_pcu_sym_92,20.233231042313843
gmof_Uio66Zr-BDC_A-irmof6_A_No58,7.650231529494221
EMIQOG_FSR,10.259812176379873
boydwoo_str_m3_o1_o23_nbo_sym_66,12.446216140142074
boydwoo_str_m3_o3_o17_pcu_sym_86,15.94693361413735
NEBVEY_FSR,7.716977958899088
MOF-5_cooh_2_1175_1,7.529661781203929
SARSUC_FSR,9.87764915811812
boydwoo_str_m5_Al_o26_o26_sra_sym_109,13.88326447485222
boydwoo_str_m3_o4_o14_pcu_sym_197,9.546176364003557
CUSQOX_FSR,14.008407714514977
VAZHOW_FSR,16.70191101731546
gmof_Zn2O8N2-ADC_A-AZO_A_No588,13.95283058551406
gmof_Uio66Zr-irmof10_A-irmof14_A_No145,11.776739556629638
gmof_AlO6-irmof10_A_No5,11.683412506844816
boydwoo_str_m3_o3_o18_pcu_sym_183,15.902211045362689
QUVBOZ_FSR,8.011795336455917
gmof_Zn2O8N2-BDC_A-irmof10_A_No86,11.608451587701772
BOQSUW01_FSR,7.901233206850328
boydwoo_str_m3_o2_o3_pcu_sym_117,15.919578361100076
boydwoo_str_m7_Zn_o11_o11_bcu_sym_64,9.861306245051592
FUNBEW_FSR,15.867704741374723
CUTVET_FSR,6.589561288922241
boydwoo_str_m3_o3_o16_pcu_sym_139,15.91627249738234
core_FORKUU_freeONLY,16.022296408604685
VEJYUV03_FSR,4.275400272454603
boydwoo_str_m3_o16_o29_pcu_sym_101,24.50928389287975
boydwoo_str_m1_o5_o9_pcu_sym_33,13.55110737705414
ELESOE_FSR,4.914836471879022
UWUTIQ_FSR,9.684442799321873
SIWHOY_FSR,4.2754002822266015
boydwoo_str_m3_o23_o28_pcu_sym_68,20.275916293996985
gmof_Al2O6-fum_B-irmof7_B_No146,8.86994082135663
ROSGAJ_FSR,4.324933947865988
boydwoo_str_m5_Al_o18_o23_sra_sym_52,14.267484430309194
boydwoo_str_m3_o6_o23_pcu_sym_3,12.588404215403198
boydwoo_str_m3_o3_o7_pcu_sym_168,15.994338899417718
gmof_CuN4-SiF6-AZO_No3,10.667064665265466
boydwoo_str_m5_Al_o3_o6_sra_sym_85,15.849646573364563
gmof_Al2O6-AZO_B-irmof7_B_No436,10.74656721876455
boydwoo_str_m1_o26_o26_pcu_sym_75,14.891731841249408
gmof_Al2O6-AZO_B-irmof7_B_No278,13.984125216715329
FENBUW_FSR,5.244439656064053
gmof_Zn2O8N2-ADC_A-irmof7_A_No26,14.068003824227155
gmof_Zn4O13-BDC_A-irmof20_A_No520,9.280938704124575
ZIGQOY_FSR,12.698731256684283
boydwoo_str_m1_o1_o22_pcu_sym_198,9.969473693021415
gmof_ZnN4-SiF6-DPAC_No10,10.761276469608866
boydwoo_str_m7_Zn_o10_o22_bcu_sym_110,10.143550751253441
IJODES_FSR,10.785909651351975
gmof_Al2O6-ADC_B-BDC_B_No241,7.50113202409415
HACWIR02_FSR,6.224982796855243
core_OTOVAW_freeONLY,8.0726830479679
boydwoo_str_m3_o18_o26_pcu_sym_242,14.064140585541487
POLYEW_FSR,15.90159188838695
boydwoo_str_m3_o7_o23_pcu_sym_58,14.195309314619848
boydwoo_str_m5_Al_o16_o27_sra_sym_32,15.889795287557714
boydwoo_str_m3_o8_o16_pcu_sym_15,13.959120048279432
TAFCIO01_FSR,11.586761799858166
core_FUNGAY_freeONLY,16.14356780213714
SUFPAM_FSR,6.901382407800633
gmof_Zn4O13-BDC_A-DPAC_A_No714,14.217119130313725
gmof_Al2O6-DPAC_B-irmof7_B_No594,14.221164140599466
boydwoo_str_m3_o1_o24_nbo_sym_153,9.384626362809767
gmof_Al2O6-BDC_B_No6,7.507642357485392
gmof_Zn2O8N2-DPAC_A-irmof14_A_No433,14.283622805914405
boydwoo_str_m1_o4_o14_pcu_sym_152,9.322946198010195
boydwoo_str_m3_o18_o21_pcu_sym_112,15.251334305390712
gmof_Al2O6-fum_B-irmof7_B_No151,8.166818922683971
CIDWUJ_FSR,5.793044415114918
UTEMAJ_FSR,13.90412075282745
ETIXEM_FSR,16.63657168845362
DUWBAA_FSR,6.80177549288314
boydwoo_str_m4_Al_o2_o6_acs_sym_199,12.959468666645627
PUFWEU_FSR,10.231364144306156
DIMBUY_FSR,9.24305636162965
SARTAJ_FSR,9.779947083082966
IXEBIW_FSR,10.565252207873444
AKEGUT_FSR,9.566154753470549
BAXHIT_FSR,7.622111393230522
boydwoo_str_m3_o22_o22_nbo_sym_281,7.396518121895737
boydwoo_str_m3_o8_o11_pcu_sym_49,15.437424832729866
NABCIE_FSR,11.315604138197104
gmof_Al2O6-BDC_B-irmof7_B_No146,8.554540789805534
MICMAN_FSR,9.402056520672103
gmof_Zn2O8-AZO_A-irmof7_A_No839,13.949239776330858
FUNLEH_FSR,14.163381113458923
boydwoo_str_m4_Al_o6_o20_acs_sym_262,12.5816838407126
boydwoo_str_m3_o16_o22_pcu_sym_55,11.003160887261581
gmof_Zn2O8N2-AZO_A-irmof7_A_No168,14.068348205281957
gmof_Zn2O8N2-AZO_A-irmof20_A_No376,13.839553881710518
boydwoo_str_m7_Zn_o20_o21_bcu_sym_93,14.807970367200328
gmof_Zn2O8N2-DPAC_A-irmof8_A_No452,14.293462985139618
TEXXOL_FSR,7.622110057769528
gmof_Al2O6-DPAC_B-irmof7_B_No382,14.221827457843752
boydwoo_str_m1_o10_o12_pcu_sym_143,7.935850823598849
boydwoo_str_m1_o13_o18_pcu_sym_253,14.236797566112552
gmof_Zn2O8-irmof14_A-irmof16_A_No82,15.930798766416228
boydwoo_str_m3_o2_o26_pcu_sym_252,14.049256161759198
boydwoo_str_m3_o6_o9_pcu_sym_164,15.408666177132522
gmof_AlO6-DPAC_A_No9,14.220428724258678
gmof_Uio66Zr-irmof10_A-irmof14_A_No373,11.61228913102849
boydwoo_str_m3_o4_o17_pcu_sym_246,11.599567798429248
boydwoo_str_m3_o18_o19_pcu_sym_70,16.54299445124942
boydwoo_str_m1_o19_o23_pcu_sym_104,12.407141470440243
CUTDOM_FSR,9.184027697279538
gmof_Al2O6-BDC_B-DPAC_B_No156,14.260931398304136
gmof_Zn4O13-BDC_A-DPAC_A_No940,14.245997778710965
BAYQAU03_FSR,4.2754004131805585
GEVTEJ_FSR,11.697101577025856
boydwoo_str_m1_o11_o14_pcu_sym_195,10.386915707311651
VUWZEV_FSR,7.885242402376812
gmof_Al2O6-AZO_B-irmof10_B_No178,13.874395252397878
MANLET_FSR,14.183185525096562
GEDLOS_FSR,8.749129190494967
FEXVUA_FSR,13.455773224727485
PAJRUQ_FSR,4.275401366667993
CEFDEY_FSR,7.259999257280063
boydwoo_str_m3_o18_o23_pcu_sym_73,13.676991816154327
gmof_Zn4O13-irmof20_A-TED_A_No3,9.244414229651477
boydwoo_str_m1_o13_o18_pcu_sym_119,13.519759295754453
gmof_Zn4O13-BDC_A-DPAC_A_No1256,14.223797203374607
NARQOP_FSR,7.622109757104164
gmof_Al2O6-BDC_B-irmof7_B_No693,8.015449046708408
boydwoo_str_m3_o23_o26_pcu_sym_20,13.859541897907508
boydwoo_str_m3_o2_o28_pcu_sym_81,20.243582512149054
BAXJIV_FSR,7.524453971658438
gmof_Zn4O13-irmof20_A-irmof6_A_No192,9.186617979975598
boydwoo_str_m4_Al_o17_o17_acs_sym_37,11.668525937694646
boydwoo_str_m1_o12_o21_pcu_sym_205,10.62773460474824
MIVDON_FSR,6.9587153948072284
boydwoo_str_m4_Al_o2_o25_acs_sym_217,12.47424341280437
gmof_AlO6-irmof6_A_No8,8.122330592404465
VUWXUJ06_FSR,8.225213233202117
boydwoo_str_m4_Al_o17_o23_acs_sym_174,12.50525674361893
core_WIHWAN_freeONLY,11.697066613360318
boydwoo_str_m5_Al_o3_o23_sra_sym_8,15.899767331550974
boydwoo_str_m4_Al_o13_o21_acs_sym_47,10.724915580530258
gmof_Al2O6-AZO_B-BDC_B_No91,14.03259721846822
HISGEX_FSR,11.097730986906111
boydwoo_str_m1_o13_o13_pcu_sym_201,10.11025452216278
BAXHOZ_FSR,7.524454696510796
boydwoo_str_m1_o1_o5_pcu_sym_3,7.524453616853083
boydwoo_str_m5_Al_o21_o26_sra_sym_130,13.945579061075817
boydwoo_str_m3_o22_o29_pcu_sym_134,24.523523207115474
boydwoo_str_m7_Zn_o4_o11_bcu_sym_82,10.725292786474515
gmof_Al2O6-DPAC_B-fum_B_No78,14.206518651271917
CAGVOY_FSR,14.672060059981778
boydwoo_str_m3_o12_o21_pcu_sym_116,10.63198757730636
boydwoo_str_m1_o10_o18_pcu_sym_217,14.302657979491489
boydwoo_str_m3_o1_o5_nbo_sym_61,7.39641231186291
gmof_Al2O6-BDC_B-irmof6_B_No61,7.674324866579773
gmof_AlO6-mof177-N_No29,12.186596062825544
boydwoo_str_m3_o7_o28_pcu_sym_133,20.198203498034626
boydwoo_str_m3_o3_o27_pcu_sym_25,15.994338914017785
gmof_Al2O6-irmof20_B-irmof7_B_No301,9.38950554964916
boydwoo_str_m3_o1_o4_nbo_sym_109,11.06996527989943
gmof_AlO6-irmof6_A_No18,7.664500642814007
gmof_Zn4O13-irmof20_A-irmof6_A_No186,9.17806202316224
boydwoo_str_m3_o4_o22_pcu_sym_260,9.159945007342882
core_EQOCES01_freeONLY,4.275400419033797
gmof_Zn2O8N2-DPAC_A-irmof14_A_No225,14.244069391413856
gmof_Al2O6-BDC_B-DPAC_B_No147,14.214805070303488
core_GITTOT01_manual,5.35998054764801
boydwoo_str_m3_o26_o27_pcu_sym_165,15.938971794993728
boydwoo_str_m5_Al_o7_o20_sra_sym_55,14.298998191151089
boydwoo_str_m3_o4_o4_pcu_sym_169,10.296568162786604
boydwoo_str_m3_o14_o19_nbo_sym_62,8.552519206461188
LUYMOJ_FSR,10.379747941806675
boydwoo_str_m3_o13_o28_pcu_sym_241,20.235127846510075
MOF-5_cooh_2_160_1,12.370799104304092
BOWLUW_FSR,7.524454773032966
boydwoo_str_m1_o21_o26_pcu_sym_72,14.055583923467015
boydwoo_str_m3_o1_o22_nbo_sym_91,9.722764840552514
boydwoo_str_m1_o4_o9_pcu_sym_199,16.120336913190034
boydwoo_str_m1_o8_o10_pcu_sym_91,13.821494939139075
KAYKUT_FSR,11.79295612373974
FANPAO_FSR,10.467707348810894
gmof_Zn2O8N2-AZO_A-irmof8_A_No175,13.928338813804025
tobacco_SR_tty_v1-8c_Hf_1_Ch_v2-3c_B_Ch_1B_4H_Ch_1DoU_Ch_2x2x2,19.785840721105693
gmof_Zn2O8-ADC_A-irmof8_A_No697,14.00466533278824
SOCCUJ_FSR,7.780363838452476
tobacco_SR_ttv_v1-3c_pyrrole_Ch_v2-12c_Hf_1_Ch_1B_2F_Ch_2x2x2,15.90529898467685
core_CISLUN_freeONLY,6.829872174640353
gmof_Zn4O13-irmof14_A-irmof16_A_No5,15.994336792337595
boydwoo_str_m5_Al_o3_o6_sra_sym_143,15.848961364495663
boydwoo_str_m3_o4_o9_pcu_sym_10,14.892445402010761
boydwoo_str_m5_Al_o17_o17_sra_sym_69,16.130966973021284
VUWVUH_FSR,7.752931853864156
gmof_Zn2O8N2-irmof10_A-irmof7_A_No99,11.77427106744216
boydwoo_str_m5_Al_o19_o23_sra_sym_93,12.509288485274098
gmof_Zn4O13-irmof14_A_No11,11.66779282694411
gmof_Al2O6-DPAC_B-irmof6_B_No34,14.226685438783244
RUZBUL_FSR,13.733697925993864
SERGUU_FSR,11.986665012373242
boydwoo_str_m3_o2_o26_pcu_sym_196,14.133628758618931
boydwoo_str_m1_o10_o16_pcu_sym_198,10.872681051689925
gmof_Al2O6-BDC_B-irmof7_B_No675,8.521692572652517
boydwoo_str_m3_o18_o22_pcu_sym_83,13.63967361526602
EWUSIZ_FSR,5.793051848640387
boydwoo_str_m4_Al_o6_o25_acs_sym_222,12.507966358871107
gmof_Zn4O13-BDC_A-DPAC_A_No1204,14.328305053763977
boydwoo_str_m3_o7_o29_pcu_sym_61,24.533005393129933
boydwoo_str_m3_o4_o14_pcu_sym_204,12.323884662504573
boydwoo_str_m3_o7_o21_pcu_sym_60,14.27126417861863
MUDTOV_FSR,8.912924360510466
boydwoo_str_m3_o21_o23_pcu_sym_129,12.41005071499344
VEJYEP01_FSR,4.275400364845446
boydwoo_str_m1_o13_o26_pcu_sym_225,13.895606878800555
boydwoo_str_m5_Al_o3_o3_sra_sym_144,15.927431879491456
boydwoo_str_m3_o4_o15_nbo_sym_69,10.829561347421011
boydwoo_str_m3_o24_o29_pcu_sym_127,24.411928046845137
RUSQIG_FSR,5.033330201988311
boydwoo_str_m5_Al_o11_o17_sra_sym_67,11.592152814744619
boydwoo_str_m3_o14_o19_pcu_sym_93,9.726502728985448
WIBCER_FSR,7.126633297650396
boydwoo_str_m3_o14_o22_nbo_sym_46,10.848765739598951
boydwoo_str_m1_o10_o16_pcu_sym_190,14.538170799798854
boydwoo_str_m5_Al_o6_o19_sra_sym_62,12.548289579040215
boydwoo_str_m3_o5_o22_nbo_sym_196,7.395895567330898
boydwoo_str_m5_Al_o25_o27_sra_sym_36,16.006548084397252
boydwoo_str_m5_Al_o19_o23_sra_sym_24,12.40239516577995
boydwoo_str_m3_o17_o21_pcu_sym_51,12.914585915072477
boydwoo_str_m3_o4_o21_pcu_sym_126,8.290053138401955
ULEZUI_FSR,7.172198316393713
boydwoo_str_m3_o11_o11_nbo_sym_241,8.60471522842082
boydwoo_str_m1_o13_o13_pcu_sym_249,9.976370206868749
gmof_AlO6-DPAC_A_No26,14.328307514691623
BOWLOQ_FSR,7.524454232135091
core_BOYYOF_freeONLY,9.649224737121619
boydwoo_str_m3_o16_o28_pcu_sym_35,20.231117211812133
ETULUB_FSR,4.914836466614154
boydwoo_str_m3_o2_o17_pcu_sym_39,15.724378599987535
core_TEDSIG_freeONLY,10.760439347589939
gmof_Zn2O8N2-DPAC_A-irmof10_A_No127,14.289803225126377
boydwoo_str_m5_Al_o3_o13_sra_sym_210,15.90356285969756
EPUMEJ_FSR,13.585002861531503
boydwoo_str_m4_Al_o23_o25_acs_sym_108,12.492416188864125
boydwoo_str_m3_o11_o22_nbo_sym_10,8.592677821707253
OBAHAD_FSR,13.64245390156037
JIQQIM_FSR,7.476611406027831
boydwoo_str_m3_o1_o10_pcu_sym_23,7.5020995605735035
boydwoo_str_m5_Al_o23_o23_sra_sym_214,12.436412842439628
gmof_ZnN4-SiF6-DPAC_No18,10.230587963207954
boydwoo_str_m5_Al_o3_o23_sra_sym_124,15.949625170482987
CAXXUW_FSR,4.914836914070733
CERMOC_FSR,8.596827210178184
boydwoo_str_m3_o16_o29_pcu_sym_227,24.449215967208037
boydwoo_str_m3_o11_o27_pcu_sym_165,15.963105152310863
MOLBOF_FSR,9.036855296054455
boydwoo_str_m3_o13_o13_pcu_sym_88,13.812348822312744
gmof_AlO6-AZO_A_No17,14.00916057940816
gmof_Zn2O8N2-ADC_A-irmof20_A_No492,13.94173941711378
FISQEG_FSR,11.170298599651504
gmof_Al2O6-ADC_B-BDC_B_No500,7.506998983718802
boydwoo_str_m3_o2_o9_pcu_sym_96,13.526293442228468
KUTNOE_FSR,14.022270238838367
DAQLUF_FSR,16.07931640569535
QEYWUN_FSR,7.102554302681398
gmof_Zn4O13-BDC_A-irmof20_A_No197,9.283391207904963
gmof_Zn2O8N2-ADC_A-AZO_A_No302,14.095172605696247
boydwoo_str_m3_o4_o14_nbo_sym_227,9.522394387266758
boydwoo_str_m3_o26_o28_pcu_sym_165,20.267612974254437
boydwoo_str_m3_o8_o26_pcu_sym_209,16.291752058727102
boydwoo_str_m3_o4_o7_nbo_sym_58,14.277218276058129
gmof_AlO6-ADC_A_No17,14.065782187285556
MIJSII_FSR,7.202883594259341
OWEXUK_FSR,15.451830519036509
UQUHAQ_FSR,4.91270587079836
ROJKOT_FSR,7.277502066313563
boydwoo_str_m3_o2_o6_pcu_sym_177,12.574989025511806
boydwoo_str_m3_o16_o22_pcu_sym_226,7.385048145012315
gmof_Al2O6-DPAC_B-fum_B_No168,14.26827823882647
boydwoo_str_m4_Al_o2_o23_acs_sym_108,12.41692962770656
FANWOI_FSR,14.763477646396483
gmof_Uio66Zr-BDC_A-irmof6_A_No258,8.124980446742057
MINQEG_FSR,6.355601796667791
gmof_Zn2O8N2-AZO_A-irmof7_A_No463,13.845064411420072
gmof_Al2O6-AZO_B-BDC_B_No79,11.472335726643507
boydwoo_str_m3_o1_o22_nbo_sym_166,9.727475290891427
boydwoo_str_m1_o10_o26_pcu_sym_220,13.979549075975255
TIJGOJ_FSR,8.720149193581156
boydwoo_str_m3_o2_o13_pcu_sym_163,14.027730924240077
gmof_AlO6-ADC_A_No5,13.865119471758836
boydwoo_str_m5_Al_o11_o17_sra_sym_206,11.552688467408013
boydwoo_str_m1_o18_o18_pcu_sym_253,16.334642380687974
OTIPUE_FSR,8.184295963007312
boydwoo_str_m5_Al_o6_o16_sra_sym_4,12.516745825738687
FAPFOT_FSR,4.914836507104641
OTAWIR_FSR,14.374870772521499
boydwoo_str_m5_Al_o7_o18_sra_sym_32,14.303285377223693
AKEGON_FSR,9.56615417749315
gmof_Zn2O8-ADC_A-irmof7_A_No1286,13.92172761978903
gmof_Al2O6-fum_B-irmof20_B_No63,9.179871413041534
boydwoo_str_m3_o12_o22_pcu_sym_225,8.868108636613153
boydwoo_str_m1_o11_o22_pcu_sym_162,8.503832251326147
NAPZOV_FSR,7.3165328487481505
gmof_Zn2O8N2-DPAC_A-irmof14_A_No457,14.328079559218526
gmof_Zn4O13-BDC_A-irmof20_A_No340,9.190892292800836
MOF-5_cooh_2_1505_1,14.075948587833066
gmof_Al2O6-ADC_B-AZO_B_No82,13.931392000524788
YOCJAE_FSR,18.896792032617622
gmof_Uio66Zr-BDC_A-irmof6_A_No400,7.574837338231494
FESCEN_FSR,14.698729721075653
gmof_Al2O6-irmof7_B-TED_B_No13,7.743253524057836
boydwoo_str_m3_o1_o29_pcu_sym_168,24.439166843150296
boydwoo_str_m3_o17_o19_pcu_sym_191,11.516843313061031
gmof_AlO6-DPAC_A_No7,14.280285205136288
XALVOY_FSR,12.027203022422864
MAQBEO_FSR,11.585356026030457
boydwoo_str_m1_o12_o16_pcu_sym_246,10.987246672859248
gmof_Al2O6-ADC_B-DPAC_B_No447,14.268193331161488
boydwoo_str_m1_o11_o22_pcu_sym_96,8.538309546142777
gmof_Zn4O13-BDC_A-irmof20_A_No615,9.283394912875831
boydwoo_str_m5_Al_o3_o20_sra_sym_49,15.956604255369022
gmof_Zn2O8N2-irmof14_A-irmof8_A_No219,11.586303771322353
GUWCAD_FSR,8.271027197254364
HABGEX_FSR,5.835067814526554
gmof_Zn4O13-DPAC_A_No24,14.238617841462144
NARRIK_FSR,7.622111859685718
GEZNAC_FSR,6.892258799501943
EYOPUE_FSR,9.690546551658182
boydwoo_str_m3_o23_o27_pcu_sym_60,15.81492670609066
GAXGOD_FSR,12.370807464036638
WEHREJ_FSR,12.518239491338903
KUTNEU_FSR,13.70928629170324
boydwoo_str_m3_o6_o12_pcu_sym_198,12.513498151102189
KUTNUK_FSR,13.932389073907435
OSIWOD_FSR,6.380989347097939
boydwoo_str_m4_Al_o20_o23_acs_sym_105,12.49311196194445
HIKMOG_FSR,11.807807762856042
boydwoo_str_m3_o1_o14_nbo_sym_157,7.778796695983347
boydwoo_str_m5_Al_o4_o12_sra_sym_88,8.529682668527185
gmof_Al2O6-AZO_B-TED_B_No3,14.081258148861918
GAYHUL_FSR,5.582248895702938
boydwoo_str_m3_o3_o9_pcu_sym_11,15.972739884478328
gmof_Zn2O8N2-ADC_A-irmof20_A_No451,14.123667064442385
BUSJOR_FSR,5.3599789924544305
boydwoo_str_m4_Al_o2_o23_acs_sym_201,12.364418836173465
gmof_Zn2O8N2-irmof14_A-irmof7_A_No191,11.586302381926144
UWIHEO_FSR,8.731507334169121
boydwoo_str_m3_o4_o8_pcu_sym_192,13.859480988976188
boydwoo_str_m1_o13_o26_pcu_sym_237,14.061165998893715
boydwoo_str_m5_Al_o4_o20_sra_sym_3,10.8740050474171
gmof_Zn4O13-BDC_A-NiC4_No16,7.622110545747332
gmof_AlO6-ADC_A_No27,14.036086299666046
NOWNAQ_FSR,6.723268972254865
KARRAW_FSR,9.575487153310151
MICPEU_FSR,9.402009199683594
CEDXAL_FSR,6.1931573890094915
boydwoo_str_m4_Al_o6_o17_acs_sym_60,12.599422326730227
SERGOO_FSR,10.81242412005075
MOF-5_cooh_2_785_1,7.558458537690628
GONTAG_FSR,7.622112207892033
gmof_Al2O6-BDC_B-irmof10_B_No251,11.604422331618181
QEYWIB_FSR,7.551273276861227
BUQROV_FSR,5.03331982143392
gmof_Zn4O13-irmof14_A-irmof16_A_No147,16.011197884064757
core_OMOVET_freeONLY,7.250881889624143
QUVBUF_FSR,8.11911156736405
USUBUG_FSR,4.324932388091856
HUTZAX_FSR,12.370804456110545
gmof_Zn4O13-BDC_A-DPAC_A_No939,14.206724491617281
EBIRUE_FSR,14.156483121289392
GOWVEV_FSR,12.02432089968432
MINQAC_FSR,5.714574985430359
XOKQUL_FSR,17.45066009373494
gmof_Al2O6-ADC_B-BDC_B_No519,7.524303382746793
boydwoo_str_m3_o8_o29_pcu_sym_238,24.457774575853456
gmof_AlO6-ADC_A_No28,14.073346440125285
gmof_Uio66Zr-BDC_A-irmof7_A_No174,7.743252213529752
boydwoo_str_m3_o34_o34_pts_sym_14,16.62905199606523
boydwoo_str_m1_o5_o24_pcu_sym_8,9.048495042099585
boydwoo_str_m3_o2_o29_pcu_sym_9,24.446584735550463
boydwoo_str_m3_o14_o22_nbo_sym_276,9.270285278440292
GERNEY_FSR,7.485976063793326
gmof_Al2O6-ADC_B-BDC_B_No540,7.476710701441719
boydwoo_str_m1_o8_o16_pcu_sym_205,13.929760592214468
core_ERULEK_freeONLY,19.221929252147586
boydwoo_str_m4_Al_o20_o23_acs_sym_4,12.523707075585826
MOF-5_cooh_2_2338_1,8.10506327263255
gmof_Al2O6-BDC_B-irmof7_B_No271,9.697810109040333
gmof_Al2O6-DPAC_B-irmof6_B_No57,14.202837787437593
gmof_Zn2O8N2-DPAC_A-irmof14_A_No633,14.283990306209905
boydwoo_str_m3_o1_o4_pcu_sym_132,7.598509114555808
boydwoo_str_m5_Al_o13_o27_sra_sym_30,15.851755369337848
boydwoo_str_m3_o3_o26_pcu_sym_197,15.967658422179221
boydwoo_str_m1_o12_o12_pcu_sym_174,8.591674379827438
boydwoo_str_m3_o2_o26_pcu_sym_115,14.104729420607443
boydwoo_str_m3_o8_o15_pcu_sym_199,18.024844710578577
boydwoo_str_m3_o6_o15_pcu_sym_150,13.57205346941946
gmof_Zn2O8N2-irmof10_A-irmof20_A_No157,11.776741220551235
boydwoo_str_m3_o11_o11_nbo_sym_118,9.202552495466469
boydwoo_str_m1_o10_o13_pcu_sym_226,12.323533764972003
core_OTOVIE_freeONLY,8.184302155119017
boydwoo_str_m1_o8_o18_pcu_sym_164,13.949864365306492
gmof_Zn2O8N2-DPAC_A-irmof7_A_No596,14.20672435757392
KUXWEH01_FSR,3.9385846403005873
XOHPAM_FSR,5.638396802128386
boydwoo_str_m5_Al_o3_o18_sra_sym_32,15.87327578693587
core_VEXVAW_freeONLY,14.549671410489953
AQIROJ_FSR,4.295771385464033
boydwoo_str_m3_o24_o27_pcu_sym_223,15.859023819519843
gmof_Al2O6-BDC_B-irmof7_B_No374,8.045631731659716
gmof_Uio66Zr-BDC_A-irmof6_A_No255,7.591683062190151
AYOHON_FSR,13.490087776043353
boydwoo_str_m3_o22_o25_pcu_sym_104,12.488889694636818
TEHLID_FSR,6.228949040489551
gmof_Al2O6-irmof10_B-irmof7_B_No555,11.604430966329595
OFACAB_FSR,14.008490839904063
gmof_Zn2O8N2-AZO_A-irmof8_A_No62,13.915791061147846
gmof_Zn4O13-BDC_A-DPAC_A_No894,14.231124520150487
gmof_Al2O6-DPAC_B-irmof7_B_No957,14.26640558833021
GAXGET01_FSR,12.37081790730882
boydwoo_str_m3_o7_o17_nbo_sym_155,14.302543340851654
boydwoo_str_m7_Zn_o8_o23_bcu_sym_34,18.00771665290662
QUSSUU_FSR,16.93716069109342
VUWXUJ01_FSR,8.157377330535054
QIWTUM_FSR,14.174272344845068
IXUWOO_FSR,16.621981148794625
gmof_Uio66Zr-DPAC_A-NiC4_No23,14.328303866773828
boydwoo_str_m3_o8_o22_pcu_sym_270,13.906885606596022
gmof_Al2O6-fum_B-irmof6_B_No14,7.5748377785445395
boydwoo_str_m3_o14_o16_pcu_sym_56,10.930113935098372
PIHWAG_FSR,14.320281763641773
NANNAU_FSR,16.14923923912503
gmof_Al2O6-fum_B-irmof20_B_No82,9.192775716514547
boydwoo_str_m5_Al_o7_o25_sra_sym_3,14.324632188206092
gmof_Al2O6-DPAC_B-irmof7_B_No1168,14.215724319296735
NARQIJ_FSR,7.524454963081044
MUSQIC_FSR,12.298295666415024
boydwoo_str_m3_o13_o29_pcu_sym_33,24.509098603647548
gmof_Zn2O8N2-DPAC_A-irmof7_A_No682,14.206643928367875
boydwoo_str_m5_Al_o2_o13_sra_sym_14,11.63111672631118
DAMZEZ_FSR,13.343407226328088
boydwoo_str_m3_o4_o11_pcu_sym_114,10.194814256358796
boydwoo_str_m3_o11_o28_pcu_sym_150,20.230147472141777
core_XEGKUR_freeONLY,11.670794027726322
boydwoo_str_m5_Al_o18_o28_sra_sym_64,20.24964859102935
boydwoo_str_m5_Al_o7_o7_sra_sym_121,14.21969212205019
boydwoo_str_m1_o19_o24_pcu_sym_96,8.409449250245617
tobacco_SR_ttv_v1-3c_B_Ch_v2-12c_Zr_1_Ch_1B_4H_Ch_1TrU_Ch_2x2x2,19.979075295551038
boydwoo_str_m3_o3_o17_pcu_sym_258,15.936921034915414
gmof_AlO6-irmof6_A_No2,7.648323627975023
RESGUU_FSR,8.593737568902727
boydwoo_str_m3_o19_o22_pcu_sym_39,8.284515610034628
gmof_Uio66Zr-BDC_A-imd_No11,7.507642432090798
QEQWER_FSR,16.76971989071128
core_TEWFUY_freeONLY,14.995690993323198
FAFCAS_FSR,9.17375119835279
gmof_AlO6-DPAC_A_No24,14.320769077457962
RUZCOG_FSR,13.811114517259726
WOZPIM03_FSR,6.491139969955033
boydwoo_str_m4_Al_o7_o27_acs_sym_173,15.945146142768555
gmof_Zn2O8N2-ADC_A-irmof20_A_No806,13.921714903965974
MOF-5_cooh_2_1996_1,7.562696953594404
FIHBIJ_FSR,10.299157455145792
boydwoo_str_m3_o26_o27_pcu_sym_145,15.98796420745342
REGXOS01_FSR,5.675378863886693
boydwoo_str_m3_o4_o22_nbo_sym_239,9.702364690515585
boydwoo_str_m4_Al_o17_o23_acs_sym_195,12.364687356040072
ZIGRAL_FSR,13.159819405073996
boydwoo_str_m1_o5_o17_pcu_sym_39,11.578120657934878
YUQQEI_FSR,16.50790913475352
gmof_Zn2O8N2-AZO_A-DPAC_A_No28,14.210909109702262
gmof_Al2O6-AZO_B-irmof7_B_No581,13.830286625739449
boydwoo_str_m3_o8_o11_pcu_sym_150,14.346838511426899
boydwoo_str_m1_o12_o18_pcu_sym_264,13.567622417188202
boydwoo_str_m1_o10_o13_pcu_sym_28,11.323558674075532
gmof_Zn4O13-BDC_A-irmof20_A_No29,9.18094437778526
gmof_Zn4O13-BDC_A-irmof20_A_No555,9.192775362186499
boydwoo_str_m3_o18_o26_pcu_sym_46,14.133629489347578
CIMFUB_FSR,5.629707053363871
EWAWAC_FSR,4.324931629305974
MAQMAV_FSR,11.899083265061785
MICNIW_FSR,9.402076507532286
core_OBEDEE_freeONLY,11.836595216446668
boydwoo_str_m1_o21_o21_pcu_sym_30,11.029809261442448
VEJYUF07_FSR,4.275400581991198
MUJGII02_FSR,4.275400029555722
boydwoo_str_m3_o13_o16_pcu_sym_214,11.56152246632681
core_NIYZIG_freeONLY,12.310551083053483
gmof_Al2O6-BDC_B-irmof7_B_No744,7.547451068089658
boydwoo_str_m3_o1_o3_pcu_sym_73,15.95865531134686
gmof_Al2O6-ADC_B-DPAC_B_No75,14.28533144301574
UHOTAN01_FSR,6.1926306998634475
gmof_Zn4O13-BDC_A-DPAC_A_No659,14.20187543567053
gmof_Zn4O13-DPAC_A-TED_A_No2,14.269388559125924
boydwoo_str_m5_Al_o6_o16_sra_sym_101,12.527406202094408
MATVAF_FSR,15.853621221853302
ESIPUR02_FSR,13.449617782201551
DUJPEF_FSR,7.368666741069299
tobacco_SR_ttv_v1-3c_pyrrole_Ch_v2-12c_Zr_1_Ch_1B_2F_Ch_2x2x2,15.907029490453176
GAXGIX_FSR,12.47486127815326
gmof_AlO6-AZO_A_No14,13.96086215122646
boydwoo_str_m3_o4_o14_nbo_sym_208,7.742704036985308
gmof_Zn4O13-BDC_A-irmof20_A_No328,9.174576773134111
LUVBAH_FSR,8.61521937159978
boydwoo_str_m3_o6_o18_pcu_sym_223,13.455964013041381
boydwoo_str_m3_o4_o11_pcu_sym_20,10.348250034249913
boydwoo_str_m5_Al_o17_o23_sra_sym_61,12.452809944495888
boydwoo_str_m3_o3_o16_pcu_sym_92,15.882975269399934
gmof_Zn2O8N2-ADC_A-irmof14_A_No651,12.873085338412116
NIMWEN_FSR,6.377828031135746
gmof_Al2O6-irmof6_B-irmof7_B_No247,8.045619826467615
boydwoo_str_m1_o5_o25_pcu_sym_49,12.489998622392406
gmof_Al2O6-AZO_B-DPAC_B_No258,14.289805178924437
EQOCIW_FSR,4.275400516069876
gmof_Al2O6-AZO_B-irmof7_B_No2,14.005174212837076
gmof_Al2O6-ADC_B-AZO_B_No45,14.06612902895959
gmof_Al2O6-BDC_B-irmof20_B_No260,9.189828315847963
QOPZIF_FSR,7.316533139475144
boydwoo_str_m5_Al_o11_o19_sra_sym_96,8.242323833364686
boydwoo_str_m3_o6_o15_pcu_sym_41,13.57123812439522
gmof_Zn2O8N2-AZO_A-irmof20_A_No307,13.918931775905724
DOFWUR_FSR,7.422817836178658
gmof_Zn2O8N2-ADC_A-irmof7_A_No319,13.888547671805368
HAGGIH_FSR,12.018908623896653
gmof_Zn4O13-BDC_A-irmof20_A_No557,9.283394511916647
gmof_Zn2O8N2-DPAC_A-irmof14_A_No155,14.308154343752694
boydwoo_str_m3_o2_o17_pcu_sym_71,11.967903182321061
boydwoo_str_m3_o14_o24_nbo_sym_163,8.702505685844912
boydwoo_str_m3_o1_o19_nbo_sym_71,8.28214092201273
boydwoo_str_m5_Al_o6_o19_sra_sym_36,12.574727153438578
COSFAS_FSR,7.1266328032666575
boydwoo_str_m1_o13_o26_pcu_sym_162,14.163365461742158
YELFON_FSR,9.003584168286329
QOBZOX_FSR,15.168768545705529
boydwoo_str_m1_o18_o18_pcu_sym_261,13.277841640167505
MATVEJ_FSR,16.02230026968158
boydwoo_str_m3_o6_o9_pcu_sym_232,14.248943571649782
gmof_Uio66Zr-irmof8_A_No2,9.891616906175749
boydwoo_str_m3_o8_o11_pcu_sym_57,13.901664000085058
gmof_Zn4O13-BDC_A-irmof20_A_No461,9.262908199569699
gmof_Al2O6-BDC_B-irmof10_B_No58,11.70343907807732
GATLAQ_FSR,7.31315821217442
gmof_Uio66Zr-BDC_A-irmof7_A_No223,7.739095752255443
gmof_Al2O6-BDC_B-irmof7_B_No625,8.047052333733037
VUXCUP_FSR,8.156292154509424
KAYKAZ_FSR,15.659437059325704
BUNLON_FSR,14.575636583306679
NOWMUJ_FSR,6.762976542641982
gmof_Zn2O8N2-irmof10_A-irmof7_A_No520,11.72124140354619
MOF-5_cooh_2_2860_1,9.973797169790867
KEVLEE_FSR,4.2754003838029195
gmof_Al2O6-BDC_B-DPAC_B_No60,14.242852321423081
boydwoo_str_m5_Al_o2_o6_sra_sym_34,12.517473249019062
boydwoo_str_m1_o16_o26_pcu_sym_139,13.905469433986907
gmof_Zn2O8N2-ADC_A-irmof8_A_No794,13.90418744289687
boydwoo_str_m3_o18_o28_pcu_sym_261,20.226721515257537
QEGNOH_FSR,10.185120478109585
PUQHAL01_FSR,9.033276933093317
core_LUKREO_freeONLY,13.16090904425198
LAGNIT_FSR,5.762980847098486
boydwoo_str_m3_o2_o23_pcu_sym_190,12.411304971742025
boydwoo_str_m5_Al_o20_o25_sra_sym_138,12.456031240533928
boydwoo_str_m5_Al_o11_o17_sra_sym_123,11.662976072251379
gmof_Al2O6-ADC_B-BDC_B_No496,7.485958652975882
gmof_Uio66Zr-BDC_A-irmof6_A_No168,7.657963310316904
boydwoo_str_m3_o17_o20_pcu_sym_170,11.601895872815808
boydwoo_str_m5_Al_o7_o13_sra_sym_84,14.25443883079171
gmof_Zn4O13-BDC_A-DPAC_A_No410,14.321317126190772
PEHPEY_FSR,7.3930620183365505
KENJUK_FSR,6.940289162027852
AHAHIB_FSR,10.777457338400891
FUNKUW_FSR,14.07896231669562
boydwoo_str_m1_o18_o21_pcu_sym_91,14.451850849264089
BUQQIP_FSR,7.268310290130272
MINQOQ_FSR,6.3556167365244205
boydwoo_str_m7_Zn_o12_o22_bcu_sym_4,10.587719256453079
gmof_Al2O6-AZO_B-BDC_B_No265,13.83027641030376
boydwoo_str_m3_o1_o22_pcu_sym_158,9.535844221971479
core_TEMPAE_freeONLY,11.633835607125254
FAFJAZ_FSR,9.162870197578258
HAFGUT_FSR,16.34598957046621
gmof_Al2O6-irmof20_B-irmof7_B_No21,9.442364328957526
gmof_AlO6-mof177_No1,14.566771285255953
boydwoo_str_m1_o13_o26_pcu_sym_132,14.047253816237125
NEHNEV_FSR,16.542090561819183
core_HIFVUO01_freeONLY,4.27540059017458
boydwoo_str_m1_o11_o11_pcu_sym_31,8.49617616705106
QUVCEQ_FSR,7.762989178497736
NARQEF_FSR,7.5244549685520585
boydwoo_str_m4_Al_o2_o6_acs_sym_202,12.509017980513786
boydwoo_str_m4_Al_o25_o25_acs_sym_129,12.356544597139873
SIVGIP_FSR,4.295760309337629
boydwoo_str_m3_o2_o7_pcu_sym_154,14.270465250551771
boydwoo_str_m3_o2_o28_pcu_sym_144,20.26916540482678
MAXWOA_FSR,16.62197860459829
gmof_Zn4O13-BDC_A-DPAC_A_No1202,14.215518787480065
gmof_AlO6-mof177-N_No4,12.121936165364147
KARRIE_FSR,9.57626098844038
gmof_Uio66Zr-irmof10_A-irmof14_A_No287,11.68132719306894
DAMYIC_FSR,5.951375100767754
AGUWEG01_FSR,6.192470697037744
gmof_Zn4O13-BDC_A-irmof20_A_No484,9.179124986163052
gmof_Al2O6-irmof6_B-irmof7_B_No288,8.35218198641921
QONKUB_FSR,6.829873297830869
boydwoo_str_m3_o2_o18_pcu_sym_80,18.161456738560005
HEJQAR_FSR,3.3227200260722527
gmof_AlO6-irmof6_A_No3,7.582799450585934
FEVBUG_FSR,12.701776924774222
boydwoo_str_m3_o22_o29_pcu_sym_167,24.533058525756484
FAPYEA04_FSR,8.852129432988228
boydwoo_str_m3_o8_o27_pcu_sym_263,15.997575100763832
core_FUNCAT_freeONLY,15.918730101822021
gmof_Zn2O8N2-ADC_A-irmof14_A_No416,11.675690094694103
gmof_AlO6-ADC_A_No9,9.813952113903984
gmof_Al2O6-fum_B-irmof7_B_No63,8.04562469065412
boydwoo_str_m4_Al_o23_o23_acs_sym_91,12.407975671196596
boydwoo_str_m3_o11_o19_nbo_sym_25,8.308675577630124
gmof_Uio66Zr-BDC_A-NiC4_No6,7.594655914358882
SIVGOV_FSR,4.295774961042672
QARCET_FSR,11.711272401873455
boydwoo_str_m3_o4_o7_pcu_sym_33,14.202722434101958
gmof_Al2O6-AZO_B-irmof8_B_No3,13.942361157069628
GOWVOF_FSR,8.83607563973082
IZECIA_FSR,7.01869386601689
core_VOLQOD_freeONLY,14.577176978033652
boydwoo_str_m3_o2_o26_pcu_sym_180,13.945927110649306
gmof_AlO6-mof177-N_No1,12.170943405143625
gmof_Zn2O8N2-ADC_A-TED_A_No26,13.84833870224462
IBEDUP_FSR,5.725165772487994
core_GEFYUN_freeONLY,14.466016840750624
MOF-5_cooh_2_217_2,7.5244455241300905
boydwoo_str_m5_Al_o20_o27_sra_sym_39,16.10322358327353
gmof_Zn4O13-BDC_A-DPAC_A_No21,14.277222419468787
NEVBIB_FSR,16.30760250883626
boydwoo_str_m3_o7_o11_pcu_sym_233,14.808980251887364
boydwoo_str_m3_o1_o28_pcu_sym_77,20.254288239166712
core_YEYCUC_SL,15.945236436869054
boydwoo_str_m3_o11_o28_pcu_sym_31,20.242101126289747
core_QOFLAA_freeONLY,5.662473749804199
boydwoo_str_m3_o14_o22_pcu_sym_40,8.727234586594916
VOBPIL01_FSR,5.7803198194969845
boydwoo_str_m3_o3_o16_pcu_sym_116,15.91655640502328
boydwoo_str_m3_o3_o15_pcu_sym_108,15.978743777794728
boydwoo_str_m3_o8_o17_pcu_sym_140,13.947650723157894
gmof_Al2O6-irmof10_B-irmof7_B_No372,11.70345923659568
boydwoo_str_m3_o4_o28_pcu_sym_230,20.195739063385883
LURGEL_FSR,15.918696272948166
boydwoo_str_m3_o1_o20_pcu_sym_40,10.819741395969693
gmof_Zn2O8N2-ADC_A-irmof10_A_No455,12.873072398699039
BEXTOP_FSR,19.258506773863008
boydwoo_str_m5_Al_o20_o22_sra_sym_36,10.870597955046955
MOF-5_cooh_2_882_1,7.430087292003561
MOF-5_cooh_2_878_1,7.699688016336987
PUMYEE_FSR,14.911141559072213
gmof_Zn2O8N2-ADC_A-irmof20_A_No203,14.053328027056471
boydwoo_str_m3_o18_o22_pcu_sym_232,13.567621488153543
boydwoo_str_m3_o14_o17_nbo_sym_75,11.65614094863208
BAXHUF_FSR,7.524454187066808
gmof_Zn2O8N2-irmof8_A-TePM_No127,12.351228948521332
boydwoo_str_m3_o18_o20_pcu_sym_181,13.681146682098056
boydwoo_str_m1_o4_o25_pcu_sym_243,12.38735346422668
gmof_Zn2O8N2-AZO_A-irmof7_A_No470,13.932518635269098
gmof_Al2O6-ADC_B-DPAC_B_No120,14.309776830411913
boydwoo_str_m5_Al_o6_o13_sra_sym_56,12.583268751459899
WETVUN_FSR,8.596827434773887
BAXJAN01_FSR,7.622111879849375
gmof_Zn2O8N2-irmof6_A-irmof8_A_No179,9.990413277186178
boydwoo_str_m3_o8_o13_pcu_sym_205,13.989594244892906
IJEXEB_FSR,9.763412929790595
gmof_Al2O6-BDC_B-irmof7_B_No36,9.57904251406572
gmof_Zn4O13-BDC_A-DPAC_A_No675,14.283623112021033
OFUZUL_FSR,3.3227189672611788
boydwoo_str_m3_o14_o15_nbo_sym_92,10.21076830745469
boydwoo_str_m3_o23_o28_pcu_sym_111,12.34940386463735
gmof_AlO6-irmof6_A_No14,7.564918703580806
boydwoo_str_m3_o2_o3_pcu_sym_73,15.857276820859568
gmof_Zn2O8-BTC_A-irmof10_A_No7,11.611569025846977
gmof_Uio66Zr-BDC_A-imdb_No13,7.524454496301347
gmof_Al2O6-DPAC_B_No4,14.232661602819778
NIMWIR_FSR,6.377828034312012
boydwoo_str_m1_o14_o24_pcu_sym_271,9.56316363954684
GIVVUF_FSR,10.374913575832492
CIHYOJ_FSR,9.699971371890843
GUFBOA_FSR,19.565748787215107
gmof_Zn4O13-BDC_A-irmof20_A_No616,9.277524173310905
gmof_Zn2O8N2-DPAC_A-irmof6_A_No417,14.206724266394573
gmof_Al2O6-BDC_B-irmof20_B_No253,9.205933492437
KIWSAL_FSR,5.780320408069176
gmof_Zn2O8N2-BDC_A-irmof6_A_No237,7.721334001412686
boydwoo_str_m3_o1_o18_pcu_sym_148,14.483566559620328
DIMQEX_FSR,15.853687600880528
AGUTEC_FSR,5.780319902669961
boydwoo_str_m5_Al_o11_o13_sra_sym_6,9.88697980929063
gmof_Al2O6-BDC_B-DPAC_B_No164,14.20613652817629
ZIGREP_FSR,12.360798863995212
gmof_Zn2O8N2-irmof14_A-pmof1_A_No5,19.878264162075844
LAZLAB_FSR,22.936822116028107
gmof_Zn2O8N2-DPAC_A-irmof10_A_No202,14.291170478813976
gmof_Zn2O8N2-irmof14_A-irmof7_A_No378,11.658137537219057
gmof_AlO6-mof177_No36,14.631946623316546
gmof_Al2O6-ADC_B-DPAC_B_No94,14.19078183351823
boydwoo_str_m3_o1_o9_pcu_sym_230,13.543238446549392
gmof_Al2O6-DPAC_B-irmof7_B_No335,14.210514110761363
GOGLIA_FSR,17.964575124114916
SEPPIN_FSR,7.120705345789513
gmof_Al2O6-AZO_B-BDC_B_No92,10.961280897256884
core_CUVXAT_freeONLY,11.697112795544841
gmof_Uio66Zr-DPAC_A_No10,14.296863462670114
boydwoo_str_m5_Al_o20_o22_sra_sym_79,10.824713234464022
boydwoo_str_m3_o7_o28_pcu_sym_34,20.18646048969293
MORVUN_FSR,15.780741351545592
gmof_AlO6-irmof12_A_No1,11.727401877113492
gmof_Al2O6-AZO_B-BDC_B_No12,14.075947870764969
boydwoo_str_m3_o6_o9_pcu_sym_199,17.94547421595899
gmof_Zn2O8N2-AZO_A-irmof20_A_No143,13.862071787492262
RAWVUJ_FSR,10.53944346737989
boydwoo_str_m4_Al_o2_o23_acs_sym_83,12.369983886505999
boydwoo_str_m1_o18_o18_pcu_sym_55,13.68318032054743
NARRAC_FSR,7.524455713497087
boydwoo_str_m3_o24_o27_pcu_sym_164,15.882199913065536
boydwoo_str_m5_Al_o23_o27_sra_sym_111,15.845812311554928
MAQBAK_FSR,11.585341307066582
JIVQUD_FSR,11.899098175583811
KUQNOA_FSR,11.670950841131127
boydwoo_str_m3_o4_o22_pcu_sym_54,9.325270181767975
gmof_Al2O6-irmof20_B-irmof7_B_No534,9.189828380665263
IMISED_FSR,10.939851127007213
boydwoo_str_m5_Al_o8_o16_sra_sym_98,11.154052635606472
CEGJOO_FSR,4.724040057958287
NAFGOR01_FSR,4.275400452912278
boydwoo_str_m1_o5_o24_pcu_sym_109,8.856043664985645
USOXEH_FSR,4.275400385912996
MOF-5_cooh_2_712_1,7.54407143795406
gmof_Zn2O8-ADC_A-irmof6_A_No469,13.958319415313378
gmof_AlO6-irmof10_A_No9,11.656286384181673
gmof_Al2O6-BDC_B-irmof12_B_No12,11.63333708475851
gmof_Zn4O13-BDC_A-irmof20_A_No495,9.178062506517115
boydwoo_str_m3_o3_o18_pcu_sym_170,15.885445070528222
VILXUK_FSR,7.600724573766928
gmof_Al2O6-irmof10_B-irmof20_B_No20,11.640957256521622
VUPQON_FSR,11.697084089039523
boydwoo_str_m1_o10_o26_pcu_sym_208,14.024496599502923
MOF-5_cooh_2_572_2,8.04076883224354
boydwoo_str_m5_Al_o11_o19_sra_sym_75,8.54795311365471
gmof_Al2O6-DPAC_B-irmof6_B_No55,14.207444964084505
boydwoo_str_m3_o13_o20_pcu_sym_162,11.361006135049436
boydwoo_str_m3_o11_o25_pcu_sym_197,12.355201565758437
boydwoo_str_m3_o8_o8_pcu_sym_193,14.054501189695198
QUDJEF_FSR,12.254033946316635
LELPAV_FSR,7.238100391673946
core_IMISIH_freeONLY,10.954842333073644
boydwoo_str_m3_o8_o14_pcu_sym_178,13.975416525972364
boydwoo_str_m5_Al_o2_o7_sra_sym_97,14.234684120715489
gmof_CuN4-SiF6-DPAC_No15,10.230927484328877
LIRXUG_FSR,7.425914152491908
pyrene_KEQJEX,18.696128083563515
gmof_CuN4-SiF6-DPAC_No7,10.761276333598323
boydwoo_str_m5_Al_o3_o6_sra_sym_152,16.087331895499894
boydwoo_str_m3_o14_o27_pcu_sym_50,15.78090466730913
NARROQ_FSR,7.524455017025537
boydwoo_str_m3_o16_o26_pcu_sym_70,14.137125676168699
boydwoo_str_m3_o7_o7_pcu_sym_194,14.203985089044016
boydwoo_str_m5_Al_o7_o18_sra_sym_16,14.195853602061224
gmof_Uio66Zr-irmof12_A-irmof14_A_No19,11.714246049367926
gmof_Al2O6-BDC_B-irmof20_B_No81,9.290262462494127
gmof_Zn2O8N2-irmof6_A-irmof7_A_No402,7.743252028856814
XAHGAQ_FSR,6.497151978124415
XADTON01_FSR,8.953891445100746
gmof_Al2O6-BDC_B-irmof10_B_No137,11.774792316213766
boydwoo_str_m4_Al_o6_o25_acs_sym_102,12.589076232609044
boydwoo_str_m1_o6_o22_pcu_sym_81,12.497680386588101
OQEZUH_FSR,9.831214023558537
KUTPAS_FSR,14.030796835076703
boydwoo_str_m3_o8_o12_pcu_sym_225,14.055226284905261
gmof_Zn2O8N2-DPAC_A-irmof6_A_No347,14.255589668137139
QEXHIN_FSR,4.295769955594719
gmof_Zn2O8N2-ADC_A-DPAC_A_No335,14.216812124830144
boydwoo_str_m3_o1_o4_pcu_sym_157,7.926006143440338
gmof_Uio66Zr-irmof6_A-irmof7_A_No102,8.379842873411206
tobacco_SR_xat_v1-4c_1anC_Ch_v2-6c_Hf_1_Ch_1B_4H_Ch_2x2x1,17.03456212154256
tobacco_SR_mrc_v1-6c_Zr_1_Ch_v2-4c_1anC_Ch_1B_2F_Ch_2x1x2,17.411474419499342
MOF-5_cooh_2_2349_1,14.051466675047283
DOQLEC01_FSR,5.696780040730352
HAYQIK_FSR,11.585348436189939
GUPCUQ02_FSR,5.675379278182325
JUJMIM_FSR,12.019178907527843
gmof_Al2O6-ADC_B-BDC_B_No398,7.50764242459954
VUKRUQ_FSR,9.877649159617745
boydwoo_str_m1_o12_o18_pcu_sym_103,13.507008055968935
core_QOWQUO_manual,14.586788486629795
boydwoo_str_m7_Zn_o11_o12_bcu_sym_75,10.774678606949967
EYOQEP_FSR,9.690526586426406
core_VUKHOZ_freeONLY,11.697113494932507
IYAZAL_FSR,11.2983908538775
gmof_Al2O6-irmof10_B-irmof7_B_No391,11.68133067812369
boydwoo_str_m3_o17_o26_pcu_sym_190,15.193654564670062
gmof_Zn2O8N2-ADC_A-irmof14_A_No309,11.674471474048996
gmof_AlO6-irmof10_A_No10,11.618779170133353
core_BEPROF_freeONLY,14.374855939523766
boydwoo_str_m5_Al_o23_o27_sra_sym_129,15.814926665516102
YOYBIZ_FSR,14.488358130267633
boydwoo_str_m3_o3_o26_pcu_sym_272,15.92122198011957
gmof_Al2O6-DPAC_B-irmof7_B_No318,14.227465774477263
REDMUL_FSR,19.254376505714923
IXONUG_FSR,9.537132046052694
PARNON_FSR,12.26654833684571
UFOBAV_FSR,3.322720363482978
boydwoo_str_m5_Al_o13_o19_sra_sym_136,11.53975623300048
OCESUL_FSR,4.295770044545685
FEPFIS_FSR,11.596659271596877
boydwoo_str_m3_o13_o23_pcu_sym_126,12.390229898380937
boydwoo_str_m5_Al_o3_o6_sra_sym_22,15.9032040549309
gmof_Al2O6-DPAC_B-irmof7_B_No697,14.251199308048925
boydwoo_str_m5_Al_o11_o17_sra_sym_208,11.650749645716504
KINKAV_FSR,18.473918405398052
gmof_Uio66Zr-irmof10_A-irmof14_A_No436,11.656818596455365
gmof_Zn4O13-BDC_A-irmof20_A_No439,9.192776189444128
gmof_Zn4O13-BDC_A-DPAC_A_No412,14.319128843420101
UYEWIG02_FSR,5.7975112558491695
HAFHAA_FSR,9.553412956856238
gmof_Al2O6-fum_B-irmof7_B_No214,7.746754195107282
CECSAF_FSR,4.914836448495836
gmof_AlO6-DPAC_A_No25,14.282913242484033
gmof_Zn4O13-irmof12_A-irmof16_A_No17,15.930799146803349
GIZVIV_FSR,7.438517765980637
NEBLOY_FSR,7.998700165636726
boydwoo_str_m1_o15_o19_pcu_sym_50,10.062808845172368
boydwoo_str_m5_Al_o18_o20_sra_sym_8,13.377824375200998
NAFSOF_FSR,18.59651227738052
gmof_Al2O6-AZO_B-fum_B_No75,14.095121563441905
gmof_Zn2O8N2-BDC_A-irmof8_A_No135,9.721388417781718
boydwoo_str_m3_o3_o14_pcu_sym_103,15.930145184290367
boydwoo_str_m3_o19_o22_pcu_sym_132,10.323176923141054
boydwoo_str_m3_o1_o10_pcu_sym_121,7.622093944778859
boydwoo_str_m5_Al_o6_o17_sra_sym_71,12.511657506457986
core_XEXLOD_freeONLY,12.048108943589812
BEGHAZ_FSR,6.176401534849859
boydwoo_str_m3_o2_o26_pcu_sym_171,14.431455185692302
gmof_AlO6-mof177_No4,14.564287697513565
CAYBAH01_FSR,3.3227203964568153
gmof_Al2O6-irmof20_B-irmof7_B_No27,9.148897959423282
MICPAQ_FSR,12.366157781678426
gmof_Al2O6-BDC_B-irmof7_B_No433,8.659033392399634
MOF-5_cooh_2_530_2,7.460252155044202
gmof_Al2O6-irmof20_B-irmof7_B_No513,9.276286755883412
gmof_Uio66Zr-BDC_A-irmof7_A_No330,7.8862599317463555
HALMOZ_FSR,9.607869558485737
gmof_Al2O6-ADC_B-irmof7_B_No136,7.568495151171344
gmof_Zn2O8N2-AZO_A-irmof14_A_No372,12.870984280781652
core_IJENER_freeONLY,8.912905347845157
gmof_Al2O6-irmof10_B-irmof7_B_No656,11.697000063680306
gmof_Zn2O8N2-DPAC_A-irmof8_A_No709,14.233933485554108
boydwoo_str_m3_o27_o29_pcu_sym_113,24.368208909331486
boydwoo_str_m3_o7_o20_pcu_sym_76,14.269609315199896
QECPOG_FSR,7.456900279886234
gmof_Uio66Zr-BDC_A-irmof6_A_No54,7.613508370893627
LIZSOE_FSR,11.719041113216976
boydwoo_str_m1_o10_o26_pcu_sym_17,13.990282858542683
boydwoo_str_m3_o11_o26_pcu_sym_65,13.968450276920118
boydwoo_str_m3_o8_o8_pcu_sym_5,14.583632736922752
OTARUX01_FSR,9.576260490589663
gmof_AlO6-irmof10_A_No4,11.770659761750537
LIQHAX_FSR,14.49926316363741
boydwoo_str_m3_o3_o16_pcu_sym_14,15.877527925074352
boydwoo_str_m3_o18_o26_pcu_sym_187,13.541781255933703
boydwoo_str_m5_Al_o17_o20_sra_sym_52,11.717303795902348
AWEXUX_FSR,16.237277324737324
gmof_Zn4O13-BDC_A-irmof20_A_No437,9.192776251135708
RABVOF04_FSR,4.275400386130512
gmof_Zn2O8N2-AZO_A-irmof7_A_No182,14.081260820209874
TUMDEM_FSR,10.449883903126226
LAPROM_FSR,5.567885447784483
gmof_AlO6-mof177_No24,14.682505498316702
tobacco_SR_xat_v1-4c_1anC_Ch_v2-6c_Zr_1_Ch_1B_4H_Ch_2x2x1,16.43131169972865
HEBGUS_FSR,14.128414784600169
boydwoo_str_m5_Al_o11_o20_sra_sym_26,10.8835737892891
boydwoo_str_m3_o7_o15_pcu_sym_30,14.2189193756598
gmof_Al2O6-irmof10_B-irmof7_B_No241,11.690426889084353
boydwoo_str_m1_o1_o11_pcu_sym_211,8.48076906837912
VUKHEP01_FSR,11.697050633591784
IPUCUR_FSR,11.899075193440392
IXIHOM01_FSR,4.193593553414095
EQOBUH_FSR,4.275400288908421
boydwoo_str_m5_Al_o6_o6_sra_sym_45,12.504589574360418
gmof_Uio66Zr-irmof20_A-irmof8_A_No275,9.892181488752026
boydwoo_str_m1_o1_o3_pcu_sym_92,15.958317497108105
gmof_Zn4O13-BDC_A-irmof20_A_No574,9.184963108340092
gmof_Zn2O8N2-AZO_A-irmof7_A_No517,13.875605290155729
BERROH_FSR,7.66737689493531
gmof_Zn4O13-DPAC_A-TED_A_No12,14.30909196381481
boydwoo_str_m5_Al_o7_o23_sra_sym_193,14.17695571805942
tobacco_SR_tty_v1-8c_Zr_1_Ch_v2-3c_B_Ch_1B_4H_Ch_1DoU_Ch_2x2x2,20.303888683894314
gmof_Al2O6-irmof10_B-irmof6_B_No63,11.622463401933757
GEDKUX_FSR,8.732154024409999
YEVXUV_FSR,6.39998634100632
gmof_Al2O6-BDC_B-DPAC_B_No283,14.312003408560743
IMIDZB13_FSR,4.275400577484576
PUPMUJ_FSR,11.929770476297389
boydwoo_str_m1_o26_o26_pcu_sym_195,14.147990984770015
LUPCIK_FSR,6.178030346415204
core_KOJZEP_manual,11.634342339469837
FUNBAS_FSR,15.918576150939046
boydwoo_str_m3_o17_o28_pcu_sym_149,20.184722058722496
boydwoo_str_m7_Zn_o23_o25_bcu_sym_117,15.240168231718608
YIMCEF_FSR,12.411447349397523
QONLAI_FSR,6.829870950522857
gmof_Zn2O8N2-AZO_A-NiC4_No9,13.927182850293716
BOVGEA_FSR,7.524454286085073
boydwoo_str_m1_o26_o26_pcu_sym_192,14.188408323968883
MOF-5_cooh_2_2493_1,8.444627339686214
TEWGEJ01_FSR,14.997219418517203
gmof_Uio66Zr-BDC_A-irmof7_A_No64,8.268869847893251
boydwoo_str_m5_Al_o8_o8_sra_sym_71,13.978563547642333
boydwoo_str_m3_o2_o3_pcu_sym_113,15.84675936196164
boydwoo_str_m3_o3_o18_pcu_sym_246,15.994338221997824
NAGROF_FSR,13.397524972016472
tobacco_srsb_sym_3_mc_0_sym_3_on_0_L_6,13.11724997920104
DUPWOB01_FSR,9.531102690797619
gmof_Zn2O8-AZO_A-DPAC_A_No315,14.229669013017809
gmof_Uio66Zr-irmof20_A-irmof8_A_No176,9.882321115621288
gmof_Al2O6-DPAC_B-irmof7_B_No936,14.190224282675889
boydwoo_str_m3_o2_o13_pcu_sym_151,11.787311495982646
boydwoo_str_m3_o16_o22_pcu_sym_275,11.31444299382875
boydwoo_str_m3_o11_o28_pcu_sym_152,20.181506709588245
gmof_Zn2O8N2-irmof14_A-irmof8_A_No360,11.682043791088393
HIFWAV_FSR,4.275400089392002
gmof_Zn4O13-irmof8_A-TED_A_No2,9.891616244063142
core_GITWIQ_freeONLY,5.675379773104831
NIBRUN_FSR,9.757579796891157
boydwoo_str_m3_o12_o15_pcu_sym_107,10.098133560173522
HIXYIY_FSR,6.521615289889666
IQOWUH02_FSR,5.368799543914833
boydwoo_str_m3_o3_o14_pcu_sym_133,15.954346153132473
boydwoo_str_m3_o13_o14_pcu_sym_166,9.822234077064635
boydwoo_str_m3_o18_o29_pcu_sym_110,24.4967220221503
KOBHER_FSR,19.244902795236253
boydwoo_str_m3_o14_o14_nbo_sym_22,9.512844064197301
boydwoo_str_m3_o18_o29_pcu_sym_154,24.468060974186667
gmof_Zn2O8N2-ADC_A-irmof14_A_No418,11.593859608968009
boydwoo_str_m3_o18_o18_pcu_sym_91,13.49302948040039
boydwoo_str_m3_o13_o27_pcu_sym_53,15.925339461891005
boydwoo_str_m4_Al_o6_o7_acs_sym_135,14.277222232527611
boydwoo_str_m5_Al_o23_o23_sra_sym_5,12.415102059027367
gmof_AlO6-DPAC_A_No13,14.28539355199737
boydwoo_str_m3_o5_o25_nbo_sym_146,12.445126948832284
HOXSIY_FSR,11.298282103455538
boydwoo_str_m3_o1_o14_pcu_sym_230,8.558456969339963
boydwoo_str_m4_Al_o20_o23_acs_sym_151,12.525704555178319
core_FARBIL_freeONLY,7.485944906729417
gmof_Al2O6-AZO_B-irmof7_B_No201,10.792965804646819
boydwoo_str_m5_Al_o13_o22_sra_sym_102,9.741760446147822
MOF-5_cooh_2_1150_1,7.965118739630264
JOHVAE_FSR,6.355603270868637
gmof_Al2O6-fum_B-irmof7_B_No22,7.746751695501682
IQOZUJ_FSR,4.275399689559382
MOF-5_cooh_2_2713_1,12.029796762682567
core_BAKLIK_freeONLY,12.224325218873197
boydwoo_str_m3_o2_o17_pcu_sym_195,11.640947896733508
boydwoo_str_m3_o19_o28_pcu_sym_112,20.737399769901756
boydwoo_str_m5_Al_o7_o18_sra_sym_64,14.236942196479642
boydwoo_str_m5_Al_o16_o26_sra_sym_69,13.914904749164558
LUTKIW_FSR,7.524455165305128
boydwoo_str_m3_o2_o26_pcu_sym_230,13.895934897972625
boydwoo_str_m1_o21_o21_pcu_sym_214,10.8215429422003
gmof_AlO6-irmof6_A_No10,7.657964197268005
WOVROQ_FSR,11.616379866310444
boydwoo_str_m5_Al_o3_o27_sra_sym_19,15.91958653824238
gmof_Zn2O8N2-irmof10_A-irmof8_A_No73,11.689925510142746
boydwoo_str_m3_o1_o13_pcu_sym_176,10.289079688866881
gmof_Al2O6-BDC_B-DPAC_B_No265,14.210908128322236
FAFMEG_FSR,7.872166420155508
boydwoo_str_m5_Al_o16_o23_sra_sym_139,12.435875229385685
BURBAS_FSR,8.11339292884717
QEYWEX_FSR,7.699294709584672
boydwoo_str_m1_o8_o18_pcu_sym_280,14.810486014824619
boydwoo_str_m3_o3_o3_pcu_sym_129,15.913421830336473
boydwoo_str_m1_o13_o26_pcu_sym_241,10.253122403791501
gmof_Zn4O13-BDC_A-DPAC_A_No543,14.280312111163934
boydwoo_str_m1_o4_o14_pcu_sym_39,8.637317210194306
boydwoo_str_m5_Al_o7_o18_sra_sym_112,14.207276463300058
ZIGRIT_FSR,13.159773472307911
gmof_AlO6-mof177_No14,14.484762995589781
boydwoo_str_m1_o26_o26_pcu_sym_117,14.078963524101999
boydwoo_str_m1_o13_o26_pcu_sym_110,13.99544353398589
gmof_Al2O6-irmof10_B-irmof7_B_No19,11.640950117080102
boydwoo_str_m1_o11_o14_pcu_sym_67,11.278580766553649
boydwoo_str_m4_Al_o2_o6_acs_sym_267,12.584860773555185
boydwoo_str_m3_o14_o14_pcu_sym_17,11.48265035998743
gmof_Zn2O8N2-DPAC_A-irmof8_A_No679,14.181552492623165
gmof_Zn4O13-BDC_A-irmof20_A_No305,9.180136321273107
boydwoo_str_m1_o9_o11_pcu_sym_191,14.417085408751948
CUTCEB_FSR,9.184026735145489
gmof_Zn2O8N2-AZO_A-irmof10_A_No102,12.896664179848257
gmof_Zn2O8N2-ADC_A-irmof7_A_No1040,14.073348530888438
boydwoo_str_m3_o1_o20_nbo_sym_85,10.902456085699377
core_YEKXOD_freeONLY,12.49091952081838
GEFZAU_FSR,14.183007358397546
boydwoo_str_m5_Al_o4_o19_sra_sym_64,8.415732404388603
gmof_Uio66Zr-BDC_A-irmof6_A_No85,7.558411132840712
LAVDIY_FSR,12.835940036567944
gmof_Zn4O13-BDC_A-irmof20_A_No494,9.277527920529593
gmof_Al2O6-DPAC_B-irmof7_B_No1006,14.190223982242971
AGAWOU_FSR,7.59465492767286
gmof_Zn4O13-BDC_A-irmof20_A_No521,9.185077614082136
PITMOW_FSR,15.082419979961323
KASLUO_FSR,18.74069826627575
gmof_Zn2O8N2-DPAC_A-irmof7_A_No923,14.233934723162822
gmof_Zn4O13-BDC_A-irmof20_A_No546,9.191942893220475
ULIBIC_FSR,7.172197889675387
gmof_Zn2O8N2-DPAC_A-irmof14_A_No268,14.282548827998045
gmof_Uio66Zr-irmof10_A-irmof14_A_No385,11.667794175461749
SACNUI_FSR,8.043737017399886
IXIHUS01_FSR,4.275400208195394
TIJGUP_FSR,8.720144985158738
boydwoo_str_m3_o3_o26_pcu_sym_20,15.92975808771987
gmof_Zn2O8N2-DPAC_A-irmof7_A_No970,14.293989585232328
boydwoo_str_m3_o11_o18_pcu_sym_240,13.498355694597269
boydwoo_str_m5_Al_o3_o27_sra_sym_25,16.00858097248931
gmof_Uio66Zr-irmof10_A-irmof14_A_No195,11.654292675795022
gmof_Al2O6-DPAC_B-irmof7_B_No876,14.19048243253117
boydwoo_str_m5_Al_o7_o13_sra_sym_66,14.25616041529765
BOWMAD_FSR,7.622111177078376
QAVDIC01_FSR,11.24846046275228
LAPRUS_FSR,5.380146891797704
NOWPEX01_FSR,9.690569856736918
boydwoo_str_m5_Al_o2_o4_sra_sym_103,11.64537222437008
gmof_Al2O6-AZO_B-BDC_B_No176,14.01020174342772
gmof_Uio66Zr-irmof8_A-imdb_No9,9.989871987852794
boydwoo_str_m5_Al_o3_o18_sra_sym_31,15.920565915678914
gmof_AlO6-AZO_A_No5,13.768135215058173
gmof_Zn2O8-ADC_A-DPAC_A_No372,14.185075063545515
boydwoo_str_m3_o13_o27_pcu_sym_88,15.895983209504184
gmof_Zn2O8N2-BDC_A-irmof14_A_No117,11.608564050969449
boydwoo_str_m5_Al_o4_o20_sra_sym_141,10.802748734414953
gmof_Uio66Zr-BDC_A-irmof6_A_No279,7.644539846606253
gmof_Zn4O13-BDC_A-irmof20_A_No319,9.192776853464876
gmof_Uio66Zr-irmof20_A-irmof8_A_No300,9.990949315477605
boydwoo_str_m4_Al_o7_o27_acs_sym_159,15.966857012977025
gmof_Zn4O13-BDC_A-irmof20_A_No556,9.18707575761337
PURROK_FSR,11.660179622235287
gmof_AlO6-DPAC_A_No8,14.289801801756228
NEWTUF_FSR,6.327127493841628
boydwoo_str_m5_Al_o8_o16_sra_sym_4,11.010855562392065
core_GOGWAB_freeONLY,9.9862315013227
OKUBIF_FSR,6.461251823301454
gmof_AlO6-AZO_A_No1,14.075949079880015
boydwoo_str_m3_o3_o21_pcu_sym_172,16.51824346275401
gmof_Al2O6-DPAC_B-irmof7_B_No179,14.200331528617005
gmof_Al2O6-irmof20_B-irmof7_B_No402,9.263587210010797
boydwoo_str_m3_o23_o24_pcu_sym_217,12.475430524893971
IYOBAA_FSR,16.00661495586057
core_NISCOJ_freeONLY,8.727735263878937
KUWCEM_FSR,13.932415336258629
ISITOU_FSR,15.056290096502721
core_ESASEY_freeONLY,13.970730601454013
gmof_Zn2O8N2-irmof10_A-irmof14_A_No288,11.691120366953953
boydwoo_str_m3_o23_o29_pcu_sym_64,24.521935941468776
gmof_Al2O6-AZO_B-DPAC_B_No7,14.213843286866837
QILRIO_FSR,4.324886736525535
boydwoo_str_m3_o7_o18_pcu_sym_186,14.277221836457912
gmof_Zn4O13-BDC_A-DPAC_A_No16,14.200331549355512
WEPCEA_FSR,6.746029537857229
boydwoo_str_m5_Al_o7_o18_sra_sym_65,14.1931601144279
MOF-5_cooh_2_47_1,7.622111692457131
gmof_Al2O6-BDC_B-irmof20_B_No284,9.219673596098785
boydwoo_str_m3_o11_o14_pcu_sym_102,8.839636922211309
boydwoo_str_m3_o19_o23_pcu_sym_57,12.36244345827435
gmof_Zn4O13-BDC_A-DPAC_A_No1072,14.223315279072716
boydwoo_str_m1_o4_o9_pcu_sym_268,14.922444085171556
boydwoo_str_m3_o1_o22_nbo_sym_49,9.858118920002752
BOJLIW_FSR,6.772526367946442
gmof_Al2O6-DPAC_B-fum_B_No14,14.200271383476494
boydwoo_str_m3_o7_o29_pcu_sym_1,24.46762663677635
AFEBAQ_FSR,11.921810354890399
gmof_Al2O6-AZO_B-BDC_B_No248,13.830263127029594
boydwoo_str_m1_o10_o26_pcu_sym_183,14.096387392188396
EYOQAL_FSR,9.607896795536703
gmof_Zn4O13-BDC_A-irmof20_A_No604,9.191945450791172
VUKHEP_FSR,11.697120960979534
boydwoo_str_m3_o17_o20_pcu_sym_34,11.661926635399142
boydwoo_str_m5_Al_o23_o23_sra_sym_146,12.563479367172866
boydwoo_str_m5_Al_o7_o23_sra_sym_45,14.200331456927284
gmof_Zn2O8N2-ADC_A-irmof20_A_No421,14.040797019407933
ONOVET_FSR,4.914836451668194
boydwoo_str_m5_Al_o13_o19_sra_sym_104,11.247350100767585
BOVGIE_FSR,7.622113901016722
boydwoo_str_m5_Al_o6_o23_sra_sym_111,12.582026586852994
core_HOXGEH_freeONLY,7.225569319417923
IXUCOT_FSR,8.589837970175145
boydwoo_str_m3_o4_o14_nbo_sym_101,9.365484999581472
SARTIR_FSR,9.779946680278874
boydwoo_str_m5_Al_o4_o12_sra_sym_123,8.138695963149535
boydwoo_str_m3_o20_o22_pcu_sym_118,10.905438219902756
YOPJOF_FSR,14.192810582096945
tobacco_SR_mrc_v1-6c_Hf_1_Ch_v2-4c_1anC_Ch_1B_2F_Ch_2x1x2,17.118818147247133
gmof_AlO6-AZO_A_No13,14.01886444240099
boydwoo_str_m4_Al_o6_o17_acs_sym_120,12.57291161510046
XORCOX_FSR,7.172429782737879
DARQOF_FSR,15.07984190553462
gmof_Zn2O8N2-ADC_A-irmof7_A_No787,13.979335973084313
gmof_Al2O6-fum_B-irmof7_B_No275,9.52277445048041
gmof_Al2O6-DPAC_B-irmof8_B_No4,14.312176198434052
gmof_Zn2O8N2-BDC_A-DPAC_A_No585,14.206690085789562
OLODIE_FSR,7.619062860834929
COWRIR_FSR,11.10046839664313
boydwoo_str_m3_o5_o22_nbo_sym_100,7.399870088564384
core_HIFVOI_freeONLY,4.275400489306867
gmof_Zn2O8-irmof6_A-pcn6_A_No8,8.112486626510947
gmof_Al2O6-BDC_B-irmof10_B_No213,11.684694979413516
boydwoo_str_m3_o14_o16_pcu_sym_13,10.869926405501205
boydwoo_str_m1_o4_o9_pcu_sym_54,15.704530257866331
DUKPIK_FSR,11.363807605233355
boydwoo_str_m5_Al_o6_o19_sra_sym_29,12.583782508199914
GEDLIM_FSR,8.749120147339923
boydwoo_str_m1_o4_o11_pcu_sym_212,7.8842425227947155
boydwoo_str_m4_Al_o2_o6_acs_sym_135,12.537709724956773
SAZBAY_FSR,11.098663656396202
core_JUJMOS_freeONLY,12.019176723029457
LUPCUW_FSR,6.377828266085267
boydwoo_str_m3_o8_o10_pcu_sym_135,13.969803583757725
AXOCEW_FSR,12.529389939849443
boydwoo_str_m3_o11_o22_nbo_sym_175,8.57555244181778
gmof_Zn2O8N2-AZO_A-irmof10_A_No127,11.681292675853145
HOZXAX_FSR,4.324932216332531
boydwoo_str_m3_o13_o18_pcu_sym_221,13.247181310627488
ULIBAU_FSR,7.172195997208776
GINHUJ_FSR,14.085033315365665
boydwoo_str_m1_o8_o16_pcu_sym_114,13.904120491679498
gmof_Zn4O13-BDC_A-irmof20_A_No639,9.199853435122655
MOF-5_cooh_2_1089_1,7.560591476786478
boydwoo_str_m3_o3_o16_pcu_sym_120,15.85708468924839
gmof_ZnN4-SiF6-AZO_No2,10.665505910607962
MICSAT_FSR,14.253398920341214
BAXGEO01_FSR,8.13285532382967
KAKNOA01_FSR,17.75504547947602
boydwoo_str_m1_o4_o28_pcu_sym_101,20.26911770362739
GUPCUQ01_FSR,5.675380532113585
TAGQUQ_FSR,7.315234568996754
gmof_Al2O6-BDC_B-fum_B_No92,7.622094063897592
boydwoo_str_m3_o2_o26_pcu_sym_4,14.078959836774727
gmof_Zn4O13-BDC_A-DPAC_A_No278,14.32054253192954
gmof_Al2O6-irmof10_B-irmof7_B_No145,11.744259883923617
gmof_Al2O6-irmof10_B-irmof12_B_No5,11.63333354732198
gmof_Uio66Zr-irmof10_A-irmof14_A_No156,11.675750541889368
boydwoo_str_m3_o17_o23_pcu_sym_80,13.372914873552658
AKAGIE_FSR,4.168158109665225
boydwoo_str_m3_o3_o27_pcu_sym_11,15.966264332578614
gmof_Al2O6-irmof16_B-irmof6_B_No32,7.678238012408189
boydwoo_str_m3_o2_o19_pcu_sym_41,14.192329911071111
PUFWOE_FSR,9.559014911087496
boydwoo_str_m3_o8_o29_pcu_sym_254,26.34234345031518
boydwoo_str_m1_o19_o22_pcu_sym_49,9.139896238795156
gmof_Zn2O8N2-ADC_A-irmof7_A_No1057,13.908527341426568
boydwoo_str_m1_o11_o24_pcu_sym_205,14.660749621139145
gmof_Al2O6-ADC_B-BDC_B_No449,7.5946552416266595
boydwoo_str_m1_o5_o22_pcu_sym_42,7.927122446854138
boydwoo_str_m1_o13_o13_pcu_sym_138,9.865714552531824
GOTYOF_FSR,13.660668924196916
boydwoo_str_m1_o9_o20_pcu_sym_118,17.676880562044943
gmof_Al2O6-fum_B-irmof20_B_No59,9.270620032025837
core_BARZUR_freeONLY,10.567906997498659
boydwoo_str_m3_o7_o15_pcu_sym_101,14.200330565404267
IMIDZB02_FSR,4.275400359380847
boydwoo_str_m1_o18_o21_pcu_sym_99,13.682482111991849
gmof_Zn2O8N2-AZO_A-irmof7_A_No510,13.84560755723665
gmof_Zn4O13-BDC_A-irmof20_A_No292,9.267820091561012
HOKMUR_FSR,4.295765078840018
gmof_Al2O6-fum_B-irmof7_B_No159,7.743257400437958
boydwoo_str_m5_Al_o11_o20_sra_sym_139,10.90620363656918
boydwoo_str_m5_Al_o3_o13_sra_sym_52,15.997046697191355
EWALUK_FSR,11.623730936821277
boydwoo_str_m3_o2_o18_pcu_sym_186,13.567620998197379
VUMQEA_FSR,6.7991964392387825
boydwoo_str_m5_Al_o4_o13_sra_sym_43,9.999663299157776
MOF-5_cooh_2_1907_1,13.938281350109937
boydwoo_str_m4_Al_o7_o23_acs_sym_205,14.251153932203534
boydwoo_str_m7_Zn_o9_o13_bcu_sym_137,13.559286730237801
boydwoo_str_m3_o4_o29_pcu_sym_150,24.489821416541556
core_CURYOE01_freeONLY,11.905130210475804
FIDFEG_FSR,18.125478626006572
gmof_AlO6-mof177-N_No23,11.921123554015725
gmof_Uio66Zr-irmof10_A-irmof14_A_No290,11.691128273368554
gmof_Zn2O8N2-BDC_A-DPAC_A_No358,14.206561693878816
gmof_Zn2O8N2-BDC_A-irmof7_A_No218,11.423872183999864
boydwoo_str_m5_Al_o3_o7_sra_sym_73,16.248829976152898
KACYEV_FSR,15.880300769708649
QUFBUP_FSR,5.001273341168029
gmof_Zn4O13-BDC_A-irmof20_A_No498,9.277526901131681
gmof_AlO6-AZO_A_No4,13.82533569303111
pyrene_NUHTIW,9.392806057826775
gmof_Uio66Zr-DPAC_A_No23,14.206088226644685
gmof_Al2O6-AZO_B_No1,13.989592460893316
gmof_Uio66Zr-BDC_A_No2,7.533026781046892
boydwoo_str_m4_Al_o23_o23_acs_sym_159,12.471049256489886
boydwoo_str_m5_Al_o10_o29_sra_sym_51,24.383490186288608
boydwoo_str_m5_Al_o2_o6_sra_sym_9,12.522818939532987
boydwoo_str_m3_o19_o26_pcu_sym_115,13.903714151668792
GITTIN_FSR,5.675379386164098
boydwoo_str_m1_o16_o26_pcu_sym_189,13.955261490198167
boydwoo_str_m1_o12_o18_pcu_sym_20,14.394542119431323
gmof_Zn4O13-DPAC_A_No26,14.244510627323749
gmof_Zn2O8N2-AZO_A-irmof7_A_No643,13.966199657132147
FOCTEY_FSR,9.869594493866334
MOF-5_cooh_2_2739_1,9.87303099446137
boydwoo_str_m3_o18_o21_pcu_sym_58,13.584186574651135
boydwoo_str_m3_o20_o29_pcu_sym_67,24.466994950688974
gmof_Zn4O13-BDC_A-irmof20_A_No341,9.276284158383596
WEKLAB_FSR,19.91980305755721
EVONOS_FSR,6.563985598105252
XOTSOP01_FSR,6.427129377253949
ACAKEX_FSR,6.499656691230515
boydwoo_str_m3_o11_o15_nbo_sym_136,9.814840185108036
boydwoo_str_m5_Al_o6_o17_sra_sym_20,12.497952026098924
BAYPUN_FSR,4.275400609307742
MOF-5_cooh_2_1144_2,7.1264499726812565
gmof_Zn4O13-BDC_A-irmof20_A_No346,9.260690525492492
XIHRIQ_FSR,16.77487465875032
boydwoo_str_m1_o8_o18_pcu_sym_158,13.989594010867208
JEXPAE_FSR,4.912705853151791
boydwoo_str_m3_o14_o14_pcu_sym_167,9.25074796081288
boydwoo_str_m3_o11_o23_nbo_sym_261,12.500401787138644
boydwoo_str_m3_o22_o27_nbo_sym_53,15.952690967127566
boydwoo_str_m1_o4_o11_pcu_sym_196,9.448574664100814
gmof_Al2O6-fum_B-irmof7_B_No163,8.375060393237506
gmof_Zn2O8N2-ADC_A-BDC_A_No817,13.846860339892215
MUSQEY_FSR,12.298235609032618
core_DUWFOS_freeONLY,7.910052707013351
boydwoo_str_m5_Al_o7_o20_sra_sym_63,15.594585518074533
NAGRUL_FSR,14.622629103288395
boydwoo_str_m1_o5_o23_pcu_sym_24,12.433828424386594
boydwoo_str_m3_o18_o26_pcu_sym_124,14.694984134215671
SIRVEX_FSR,11.538028974049285
gmof_Uio66Zr-irmof10_A-irmof12_A_No16,11.721091344716596
gmof_Zn2O8N2-ADC_A-DPAC_A_No334,14.179114573153008
boydwoo_str_m1_o12_o13_pcu_sym_151,9.718419100332751
gmof_Uio66Zr-BDC_A-irmof6_A_No94,7.582805116920642
BURMAE_FSR,5.480060789296134
core_JUFBIX_freeONLY,12.875627113501848
boydwoo_str_m3_o4_o28_pcu_sym_184,20.354906042014324
IWIVIV02_FSR,5.639329428907402
boydwoo_str_m7_Zn_o19_o21_bcu_sym_267,12.310105121055134
gmof_Zn2O8N2-ADC_A-AZO_A_No288,14.125101845645574
gmof_Al2O6-AZO_B-BDC_B_No266,14.033855701523922
LEKMIA_FSR,11.838168868370474
gmof_Zn2O8N2-AZO_A-NiC4_No5,13.99251767114342
gmof_Zn2O8N2-ADC_A-AZO_A_No539,13.96086058771397
core_FUNLAD_freeONLY,16.671436463755988
CUTCIF_FSR,9.184028041086046
gmof_Zn4O13-BDC_A-NiC4_No24,7.545218677930464
gmof_ZnN4-SiF6-DPAC_No13,10.31633668319804
GEDLEI_FSR,10.231378054390419
gmof_Zn2O8N2-ADC_A-irmof7_A_No379,14.203468468973705
boydwoo_str_m1_o12_o21_pcu_sym_131,10.63797313841432
core_XEXLIX_freeONLY,11.98007571945355
SARTEN_FSR,9.877649078081781
gmof_AlO6-mof177-N_No11,12.208420426608832
NENRIK_FSR,12.345227768694931
gmof_Zn2O8N2-AZO_A-irmof20_A_No536,13.975113264767325
boydwoo_str_m4_Al_o7_o23_acs_sym_54,14.296116606729042
VOGSES_FSR,11.71935019910034
gmof_Zn4O13-BDC_A-irmof20_A_No317,9.17806759376972
gmof_Zn2O8N2-irmof14_A-irmof8_A_No145,11.593936765956377
boydwoo_str_m3_o2_o9_pcu_sym_61,13.55795655775964
gmof_Al2O6-irmof10_B-irmof6_B_No49,11.731109749614182
EVAHAM_FSR,10.819769598371579
gmof_AlO6-irmof10_A_No3,11.774102317093266
boydwoo_str_m5_Al_o17_o20_sra_sym_9,11.894454632891671
boydwoo_str_m1_o4_o9_pcu_sym_213,14.786890645077575
UDAFOX_FSR,16.038105704417152
OTECEX_FSR,14.682509166627781
gmof_Zn2O8-ADC_A-DPAC_A_No999,14.293360621117083
boydwoo_str_m5_Al_o6_o27_sra_sym_73,16.062520574919184
gmof_Zn2O8N2-AZO_A-DPAC_A_No539,14.30816959574123
gmof_Al2O6-BDC_B-irmof7_B_No267,8.608807733063493
NIJSAC_FSR,10.56179757095632
boydwoo_str_m5_Al_o6_o18_sra_sym_97,15.971413958000902
gmof_AlO6-ADC_A_No19,10.646762289005183
tobacco_SR_ttv_v1-3c_B_Ch_v2-12c_Hf_1_Ch_1B_4H_Ch_2x2x2,20.24231195363518
gmof_ZnN4-SiF6-BDC_No3,5.458799685446399
DOQLIG01_FSR,5.693655637458766
gmof_Uio66Zr-BDC_A-irmof7_A_No371,7.743253804180236
boydwoo_str_m1_o12_o16_pcu_sym_132,11.115605362251365
boydwoo_str_m3_o4_o29_pcu_sym_191,24.45279506614796
gmof_Zn4O13-BDC_A-irmof20_A_No337,9.193175348294611
DOLDUE_FSR,6.261457080642429
boydwoo_str_m3_o3_o25_pcu_sym_43,16.357909559268958
gmof_Al2O6-BDC_B-DPAC_B_No248,14.333673534374046
NOBNOK_FSR,3.246538601578931
XIYDOY01_FSR,7.168510583836298
gmof_Zn2O8N2-BDC_A-irmof6_A_No273,7.622112080982019
boydwoo_str_m3_o18_o20_pcu_sym_33,13.237781597557948
boydwoo_str_m3_o12_o25_pcu_sym_3,13.296579094699775
LOZJUI_FSR,16.04266678722261
boydwoo_str_m3_o4_o14_nbo_sym_238,7.711746833716357
boydwoo_str_m5_Al_o13_o27_sra_sym_66,15.889795211293253
boydwoo_str_m3_o2_o7_pcu_sym_13,14.303172667323068
boydwoo_str_m3_o14_o19_nbo_sym_114,15.494126619493862
LUBXIR_FSR,6.904591202161655
boydwoo_str_m3_o15_o20_nbo_sym_68,10.873725045157721
gmof_Al2O6-BDC_B-DPAC_B_No165,14.233944811891071
core_ZELROZ_manual,11.621542613525495
boydwoo_str_m3_o13_o25_pcu_sym_184,12.509934338480958
MOBFOB_FSR,7.307130722497428
boydwoo_str_m3_o3_o8_pcu_sym_80,15.889256647699895
SIMXOE_FSR,3.969304544136915
boydwoo_str_m3_o8_o13_pcu_sym_57,13.922740404329362
gmof_AlO6-AZO_A_No3,13.946939071442689
gmof_Al2O6-ADC_B-DPAC_B_No365,14.288031574527055
QISJOR_FSR,7.901227449775621
boydwoo_str_m5_Al_o2_o13_sra_sym_65,12.788189095303236
boydwoo_str_m1_o11_o15_pcu_sym_231,12.125520204062678
gmof_Al2O6-BDC_B-DPAC_B_No144,14.282376679397697
boydwoo_str_m1_o12_o26_pcu_sym_19,14.032585972756928
boydwoo_str_m1_o10_o21_pcu_sym_23,11.470671653796035
YOVPEG_FSR,18.10012981615686
gmof_Zn4O13-BDC_A-irmof20_A_No332,9.180561779858177
VEJYIT_FSR,4.27540047642922
boydwoo_str_m1_o11_o15_pcu_sym_59,9.546088835333759
VUWTAL_FSR,7.1023005699668715
MOF-5_cooh_2_81_1,11.097717552161829
TONPOD_FSR,13.1915628979019
ESEDAJ_FSR,15.901901157421284
boydwoo_str_m3_o4_o21_pcu_sym_261,8.332465970149523
boydwoo_str_m1_o10_o18_pcu_sym_4,13.42511024682818
gmof_Al2O6-AZO_B-BDC_B_No74,14.005176251650527
gmof_AlO6-ADC_A_No18,13.912715665649545
boydwoo_str_m3_o17_o27_pcu_sym_180,15.936879761748633
boydwoo_str_m5_Al_o21_o26_sra_sym_34,13.99809616266915
boydwoo_str_m3_o4_o26_pcu_sym_14,14.145730238649442
UFOLIN_FSR,9.984748905580034
VUNPOL_FSR,15.853637967838486
VUWWES_FSR,7.12523262138057
boydwoo_str_m3_o13_o27_pcu_sym_206,15.931255959531322
boydwoo_str_m3_o1_o18_pcu_sym_120,13.567621352341849
gmof_Zn4O13-BDC_A-irmof20_A_No605,9.270050699804667
NIMGOH_FSR,15.9045486856018
boydwoo_str_m1_o14_o22_pcu_sym_220,9.218843156636153
gmof_Zn2O8N2-AZO_A-irmof14_A_No394,11.62856530891393
boydwoo_str_m5_Al_o13_o19_sra_sym_9,9.744575260574516
core_GITVEL01_freeONLY,5.675379880173762
boydwoo_str_m1_o4_o7_pcu_sym_156,14.28690054362668
KOPHOO_FSR,12.1709089514109
boydwoo_str_m1_o13_o21_pcu_sym_260,10.703110415406053
boydwoo_str_m3_o1_o14_nbo_sym_203,9.481600784058996
gmof_Zn2O8N2-AZO_A-irmof7_A_No381,14.010202072723427
boydwoo_str_m3_o6_o18_pcu_sym_245,13.528957058066494
core_OYIVOI_freeONLY,8.800862743621144
boydwoo_str_m3_o16_o18_pcu_sym_137,13.534892158028187
boydwoo_str_m3_o18_o27_pcu_sym_135,15.94514536048828
boydwoo_str_m3_o13_o28_pcu_sym_149,20.15683672757589
boydwoo_str_m3_o1_o24_nbo_sym_275,9.591684090337832
boydwoo_str_m3_o6_o28_pcu_sym_140,20.269152273310425
boydwoo_str_m5_Al_o20_o25_sra_sym_48,12.381874791208654
IWENOO_FSR,13.487432005236736
BEMKOW_FSR,16.86559851191128
boydwoo_str_m3_o7_o16_pcu_sym_118,14.202571829902634
RICREB_FSR,7.425641313502431
RUZCEW_FSR,13.734094255072426
core_LAZKUU_freeONLY,22.866427811824074
gmof_AlO6-AZO_A_No12,14.066127878138023
boydwoo_str_m5_Al_o6_o23_sra_sym_114,12.495185562310704
boydwoo_str_m4_Al_o13_o21_acs_sym_138,10.832167079098557
FIDXIC_FSR,5.902948943370257
boydwoo_str_m1_o5_o17_pcu_sym_88,12.428015467466734
boydwoo_str_m3_o16_o26_pcu_sym_169,13.87587720695919
NARREG_FSR,7.622112327542011
boydwoo_str_m3_o3_o7_pcu_sym_52,15.918537192901022
boydwoo_str_m3_o6_o9_pcu_sym_108,13.529463346675312
tobacco_srsb_sym_3_on_0_sym_3_mc_0_L_6,13.387972951393198
gmof_CuN4-SiF6-BDC_No3,5.4587997737694
boydwoo_str_m3_o2_o8_pcu_sym_118,13.95531827687621
gmof_AlO6-ADC_A_No8,14.053888913326366
MICNES_FSR,9.402556709706724
core_PIZHOX_freeONLY,6.82987261499015
boydwoo_str_m5_Al_o18_o23_sra_sym_51,13.49972490908286
boydwoo_str_m3_o18_o28_pcu_sym_234,20.269158447553327
QIDDAI02_FSR,12.366145741236208
gmof_Al2O6-ADC_B-DPAC_B_No328,14.227907385824377
AFEYUI_FSR,7.524984200221071
SINSUG_FSR,11.807784694180965
boydwoo_str_m3_o21_o21_pcu_sym_47,8.331802725673985
gmof_Zn2O8N2-DPAC_A-irmof14_A_No856,14.190334022963178
boydwoo_str_m3_o2_o8_pcu_sym_211,14.101700782990427
boydwoo_str_m3_o23_o27_pcu_sym_59,15.889795830115649
PURSAX_FSR,11.735485193244793
core_AFIXAO_freeONLY,4.275400394412264
gmof_Al2O6-AZO_B-irmof7_B_No569,13.850804311117663
DIMCAF_FSR,9.083266727713694
gmof_Al2O6-irmof10_B-irmof20_B_No233,11.660940604629765
boydwoo_str_m5_Al_o1_o13_sra_sym_84,9.890942821576518
gmof_Al2O6-BDC_B-DPAC_B_No97,14.203948529120595
NIMVUC_FSR,6.178030489683785
gmof_AlO6-mof177-N_No10,12.195255382318177
boydwoo_str_m3_o1_o22_nbo_sym_213,8.67569756590879
XIDZAN_FSR,11.93790156111314
boydwoo_str_m3_o17_o20_pcu_sym_216,12.09596608734264
gmof_Uio66Zr-irmof10_A-irmof14_A_No151,11.697168488245962
boydwoo_str_m4_Al_o2_o6_acs_sym_26,12.543311152391915
RUYTOW_FSR,12.06414848912742
boydwoo_str_m3_o6_o10_pcu_sym_106,12.507452062694403
boydwoo_str_m3_o4_o21_pcu_sym_118,10.807159512914994
boydwoo_str_m3_o2_o11_pcu_sym_129,11.672704143743923
BUBPOF_FSR,6.377828053931385
gmof_Al2O6-BDC_B-irmof7_B_No268,9.599789294373572
core_BUSRUE_freeONLY,16.022374347923712
boydwoo_str_m7_Zn_o20_o20_bcu_sym_2,13.658201445154258
FAQTUO_FSR,5.863753509586737
gmof_Zn2O8N2-ADC_A-irmof7_A_No1145,14.098316384562478
boydwoo_str_m5_Al_o7_o25_sra_sym_24,14.276154228655841
boydwoo_str_m1_o14_o27_pcu_sym_101,15.910868552284576
gmof_Zn4O13-BDC_A-DPAC_A_No730,14.228643318259008
gmof_Uio66Zr-BDC_A-irmof6_A_No412,7.649621289378928
HIFVUO_FSR,4.275400418190999
gmof_Uio66Zr-BDC_A-irmof6_A_No253,7.591681882028182
gmof_AlO6-mof177_No13,14.613515793167686
boydwoo_str_m5_Al_o19_o23_sra_sym_88,12.452259586124107
boydwoo_str_m3_o4_o29_pcu_sym_66,12.86098757701995
boydwoo_str_m5_Al_o2_o13_sra_sym_11,11.587811812761009
boydwoo_str_m1_o13_o16_pcu_sym_3,12.421347115829755
gmof_Uio66Zr-BDC_A-irmof7_A_No216,7.746753345972627
boydwoo_str_m3_o3_o26_pcu_sym_116,15.971002185911695
gmof_Zn4O13-BDC_A-irmof20_A_No21,9.271673343221137
gmof_Zn2O8N2-ADC_A-irmof14_A_No307,11.597101760214391
gmof_Al2O6-DPAC_B-irmof6_B_No4,14.290857932516477
AJAQUY_FSR,6.745397915594599
gmof_Al2O6-BDC_B-DPAC_B_No219,14.20744497387673
boydwoo_str_m3_o1_o26_pcu_sym_210,15.670063755483358
boydwoo_str_m3_o4_o28_pcu_sym_260,20.24995366406697
DAVJOB_FSR,8.997416791592723
boydwoo_str_m5_Al_o8_o16_sra_sym_54,13.942357313387726
boydwoo_str_m5_Al_o6_o17_sra_sym_58,12.497594763725303
VOYLOM_FSR,20.030797081963858
boydwoo_str_m5_Al_o17_o23_sra_sym_4,12.670044533207555
boydwoo_str_m4_Al_o2_o6_acs_sym_96,12.596761994899067
